,id,id_grop,spi_grop,grop,pH,EC,TOC,Na,Cl,N-NO3,N-NH4,N-NO2,TN,P-PO4,K,Ca,Mg,S-SO4,Mn,Zn,Cu,Fe,Mo,B,Al,Co
0,1,Upstream,dry2dry5,dry2dry5_Upstream,7.6,2619.0,0.0,,393.6656,98.93384218,0.0141955333333333,0.0488578199999999,93.63,0.02921356,,,,54.066833333333335,,,,,,,,
1,2,Upstream,dry2dry5,dry2dry5_Upstream,7.56,2722.0,0.9793,,402.6589,103.84389261,0.0031935088888888,0.05120739,95.58,0.03953838,,,,49.37103333333334,,,,,,,,
2,3,Upstream,dry2dry5,dry2dry5_Upstream,,,,,,,,,,,,,,,,,,,,,,
3,4,Middlestream,dry2dry5,dry2dry5_Middlestream,7.18,1748.0,21.39,,276.6679,62.5519543,0.1592862444444444,0.4994357,57.98,31.0873,,,,8.815626666666667,,,,,,,,
4,5,Middlestream,dry2dry5,dry2dry5_Middlestream,7.57,4017.0,0.5833,,861.8344,53.72547303,0.0205735833333333,0.04822697,48.69,0.0500009,,,,72.65186666666666,,,,,,,,
5,7,Middlestream,dry2dry5,dry2dry5_Middlestream,7.98,3400.0,0.6495,,692.6235,53.9715282,0.0846923,0.1697118,50.79,0.444,,,,59.4351,,,,,,,,
6,8,Middlestream,dry2dry5,dry2dry5_Middlestream,8.05,3830.0,0.5462,,876.0168,38.0139368,0.0125219033333333,0.0172732,34.58,0.16004,,,,57.1478,,,,,,,,
7,9,Middlestream,dry2dry5,dry2dry5_Middlestream,7.59,2931.0,14.12,,698.1247,4.18467826,0.0992450666666666,0.03712174,4.911,0.63828,,,,58.50083333333333,,,,,,,,
8,10,Downstream,dry2dry5,dry2dry5_Downstream,7.71,3212.0,12.65,,749.5316,10.97134406,0.1083435888888889,0.04197594,11.36,0.61005,,,,61.5236,,,,,,,,
9,11,Downstream,dry2dry5,dry2dry5_Downstream,8.05,3483.0,4.059,,795.0378,19.77308454,0.0348222699999999,0.03538546,19.77,0.23448,,,,55.53966666666667,,,,,,,,
10,12,Downstream,dry2dry5,dry2dry5_Downstream,7.89,5015.0,3.83,,1273.171,16.405498679999997,0.0054666033333333,0.05691132,16.55,0.5341,,,,76.13476666666666,,,,,,,,
11,13,Downstream,dry2dry5,dry2dry5_Downstream,7.99,4409.0,3.655,,1067.078,17.94298007,0.0304716688888888,0.0419699299999999,17.93,0.37326,,,,68.15563333333334,,,,,,,,
12,1,Upstream,dry2dry5,dry2dry5_Upstream,7.83,2514.0,0.8532,,382.8301,81.28813392,0.9773866666666664,0.03560608,78.93,0.0,,,,55.3666,,,,,,,,
13,2,Upstream,dry2dry5,dry2dry5_Upstream,8.0,2804.0,1.247,,429.939,98.54409169,0.2140594555555555,0.03721831,66.3,0.0179125799999999,,,,55.91203333333333,,,,,,,,
14,3,Upstream,dry2dry5,dry2dry5_Upstream,,,,,,,,,,,,,,,,,,,,,,
15,4,Middlestream,dry2dry5,dry2dry5_Middlestream,7.66,2043.0,13.8,,126.9354,180.267638,1.3203244444444444,3.194562,134.8,15.26532,,,,4.055433333333333,,,,,,,,
16,5,Middlestream,dry2dry5,dry2dry5_Middlestream,8.27,4357.0,1.751,,1032.784,31.16961801,0.3320187888888889,0.04206199,24.35,0.2625359,,,,85.02463333333334,,,,,,,,
17,7,Middlestream,dry2dry5,dry2dry5_Middlestream,8.2,3510.0,0.0,,749.9673,52.9891809,0.4708294888888888,0.1426290999999999,44.0,0.2932396,,,,66.824,,,,,,,,
18,8,Middlestream,dry2dry5,dry2dry5_Middlestream,8.1,3915.0,1.824,,916.9,41.285259,1.7211366666666663,0.3095509999999999,33.71,0.5155792,,,,64.05133333333333,,,,,,,,
19,9,Middlestream,dry2dry5,dry2dry5_Middlestream,7.92,2512.0,10.57,,635.8127,2.72380323,0.3515646555555556,0.01032377,3.188,0.05905652,,,,50.06966666666667,,,,,,,,
20,10,Downstream,dry2dry5,dry2dry5_Downstream,8.08,2924.0,6.517,,718.764,14.10372621,0.8475156666666668,0.08544379,11.73,0.1981011,,,,56.03396666666666,,,,,,,,
21,11,Downstream,dry2dry5,dry2dry5_Downstream,8.31,2979.0,6.621,,730.0378,12.9770256,0.8597166666666666,0.1394344,11.87,0.2522098,,,,55.44823333333333,,,,,,,,
22,12,Downstream,dry2dry5,dry2dry5_Downstream,8.04,4178.0,4.171,,1029.107,19.738493,1.040508,2.055877,17.8,0.4068908,,,,77.14033333333333,,,,,,,,
23,13,Downstream,dry2dry5,dry2dry5_Downstream,8.18,3681.0,5.178,,928.0081,15.355509,1.184991111111111,1.363851,15.4,0.4174855,,,,67.68053333333333,,,,,,,,
24,1,Upstream,wet2wet5,wet2wet5_Upstream,7.86,2626.0,3.802,153.11,406.8648,100.87064212,0.0,0.03375788,77.78,0.00367612,4.7305,275.84,54.238,54.8169,0.00243,0.0,0.0,0.00348,0.0,0.11822,0.0,0.0
25,2,Upstream,wet2wet5,wet2wet5_Upstream,7.96,3011.0,6.728,173.58,509.3367,84.94822095,0.0040132944444444,0.02966905,82.67,0.05898019,4.885,316.54,68.782,58.95053333333333,0.00532,0.0,0.0,0.00727,0.0,0.11246,0.0,0.0
26,3,Upstream,wet2wet5,wet2wet5_Upstream,8.54,575.6,8.315,28.851,60.18607,3.2816609000000003,0.0475393333333333,0.1603391,3.579,0.0398093,8.5168,68.402,11.843,5.7940933333333335,0.00041,0.0,0.00405,0.00762,0.0,0.0269,0.0,0.0
27,4,Middlestream,wet2wet5,wet2wet5_Middlestream,7.79,352.7,16.29,24.96,23.36894,2.33254091,0.0456521022222222,0.00155909,2.622,1.08499,8.8469,36.281,9.7825,5.684613333333334,0.0267,0.04297,0.01495,0.86011,0.0,0.08665,1.0981,0.00126
28,5,Middlestream,wet2wet5,wet2wet5_Middlestream,8.14,3434.0,9.881,267.24,782.2159,28.81433952,0.0160061066666666,0.02072048,23.25,0.5743252999999999,28.346,246.63,90.486,62.2597,0.03871,0.0,0.00561,0.00763,0.0028,0.19506,0.0,0.0
29,7,Middlestream,wet2wet5,wet2wet5_Middlestream,7.96,3128.0,10.78,236.08,664.5472,44.8576889,0.0820927333333333,0.3568911,34.92,0.76056,16.616,236.3,85.512,56.91973333333333,0.14444,0.0,0.0,0.1422,0.0,0.21277,0.17986,0.0
30,8,Middlestream,wet2wet5,wet2wet5_Middlestream,7.79,3093.0,45.37,272.86,711.1831,5.835507,0.8876544444444444,2.944563,11.39,1.96022,39.369,185.37,83.325,49.28823333333333,0.4672,0.03559,0.00732,0.11854,0.00279,0.4112,0.04113,0.00238
31,9,Middlestream,wet2wet5,wet2wet5_Middlestream,7.57,3204.0,17.4,296.15,732.245,21.948951,0.1803433333333333,1.103519,19.92,0.88284,24.287,182.25,82.625,48.8087,0.22201,0.00585,0.00333,0.05914,0.00394,0.37269,0.03486,0.00222
32,10,Downstream,wet2wet5,wet2wet5_Downstream,7.78,3202.0,42.36,291.35,724.9923,9.76507947368421,0.64848,2.8278205263157896,14.48,1.76833,37.009,191.78,86.437,51.2413,0.431,0.02248,0.00618,0.10485,0.00288,0.43593,0.02918,0.00237
33,11,Downstream,wet2wet5,wet2wet5_Downstream,7.8,3285.0,40.68,305.73,710.8301,8.888024,2.3605244444444446,1.763106,12.73,1.07623,40.547,189.16,89.737,51.69313333333333,0.37457,0.06,0.00705,0.1241,0.00332,0.44746,0.04371,0.0027
34,12,Downstream,wet2wet5,wet2wet5_Downstream,7.76,2951.0,16.01,314.01,749.6293,9.45315789473684,0.2999966666666667,2.590362105263158,13.53,1.39216,18.358,135.3,64.58,54.682500000000005,0.08864,0.0,0.00317,0.04141,0.00202,0.33439,0.04164,0.0
35,13,Downstream,wet2wet5,wet2wet5_Downstream,7.74,3092.0,18.3,330.14,754.0009,8.236841000000002,2.315957777777778,2.297439,13.4,1.01817,20.365,142.09,73.805,51.77843333333333,0.12492,0.0,0.00362,0.06701,0.00203,0.33868,0.08142,0.00127
36,1,Upstream,dry2dry5,dry2dry5_Upstream,7.86,2535.0,3.226,,385.56,105.1267835,0.0640259666666666,0.0219165,80.46,0.0050389,,,,52.49726666666667,,,,,,,,
37,2,Upstream,dry2dry5,dry2dry5_Upstream,7.99,2729.0,3.414,,401.1621,96.57516674,0.0229726155555555,0.0366832599999999,78.74,0.00572752,,,,50.59893333333333,,,,,,,,
38,3,Upstream,dry2dry5,dry2dry5_Upstream,,,,,,,,,,,,,,,,,,,,,,
39,4,Middlestream,dry2dry5,dry2dry5_Middlestream,7.19,1628.0,18.81,,70.36693,148.04174,3.163587777777778,0.31306,121.5,49.27618,,,,4.67999,,,,,,,,
40,5,Middlestream,dry2dry5,dry2dry5_Middlestream,8.05,4403.0,5.391,,1018.936,35.4544061,0.5918476666666668,0.4817139,28.01,0.42809,,,,59.09303333333333,,,,,,,,
41,7,Middlestream,dry2dry5,dry2dry5_Middlestream,8.03,3593.0,3.481,,744.8281,54.5280762,0.1861819555555555,0.4158838,39.05,0.45212,,,,59.18756666666667,,,,,,,,
42,8,Middlestream,dry2dry5,dry2dry5_Middlestream,8.01,4244.0,4.014,,1007.712,32.4267818,0.0599113044444444,0.3757282,24.03,0.33277,,,,57.79673333333333,,,,,,,,
43,9,Middlestream,dry2dry5,dry2dry5_Middlestream,7.71,4161.0,2.226,,989.5686,36.8285191,0.1937580555555555,0.3379309,28.34,0.71536,,,,46.03306666666666,,,,,,,,
44,10,Downstream,dry2dry5,dry2dry5_Downstream,7.84,4260.0,3.242,,1007.086,38.0333817,0.0956259111111111,0.3194683,27.65,0.37625,,,,57.22833333333333,,,,,,,,
45,11,Downstream,dry2dry5,dry2dry5_Downstream,8.04,4293.0,3.952,,1004.678,27.7237623,0.0884438333333333,0.2398377,21.07,0.4119,,,,61.409933333333335,,,,,,,,
46,12,Downstream,dry2dry5,dry2dry5_Downstream,7.83,3594.0,9.951,,835.7999,15.458559,5.444327777777778,1.954011,17.44,1.28349,,,,52.0739,,,,,,,,
47,13,Downstream,dry2dry5,dry2dry5_Downstream,7.82,3648.0,10.58,,838.5129,14.451495,4.916776666666667,1.925765,17.91,1.30791,,,,54.05086666666667,,,,,,,,
48,1,Upstream,wet2wet5,wet2wet5_Upstream,7.89,475.1,8.933,34.451,46.0803,5.04812806,0.4777744222222221,0.08589194,3.608,0.2542699,8.7901,45.818,7.7269,9.881963333333331,0.00324,0.00801,0.0053,0.04582,0.0,0.0871,0.03449,0.0
49,2,Upstream,wet2wet5,wet2wet5_Upstream,,,,,,,,,,,,,,,,,,,,,,
50,3,Upstream,wet2wet5,wet2wet5_Upstream,8.02,698.2,4.115,55.294,87.65858,6.85192882,0.0453833566666666,0.05025118,5.112,0.3762475999999999,5.3104,60.156,12.511,11.35107,0.00373,0.0,0.0,0.01252,0.0,0.05282,0.01584,0.0
51,4,Middlestream,wet2wet5,wet2wet5_Middlestream,8.1,601.7,5.537,47.136,73.03694,5.9887667,0.0146731822222222,0.0219033,4.092,0.3036338999999999,5.2318,51.141,11.025,9.491103333333331,0.00303,0.0,0.00366,0.01699,0.0,0.04377,0.02478,0.0
52,5,Middlestream,wet2wet5,wet2wet5_Middlestream,8.09,692.3,0.0,49.647,78.41107,6.871946899999999,0.4634355444444444,0.1250131,4.019,1.00028,13.725,61.788,12.479,9.69819,0.01109,0.01005,0.00592,0.04385,0.00197,0.09715,0.03134,0.0
53,7,Middlestream,wet2wet5,wet2wet5_Middlestream,8.04,751.2,8.998,56.064,92.81161,7.5312547,0.5851697444444445,0.0998653,6.256,1.0927,11.988,63.162,15.09,11.891836666666668,0.0195,0.02373,0.00511,0.05016,0.00187,0.10112,0.04703,0.0
54,8,Middlestream,wet2wet5,wet2wet5_Middlestream,7.84,1320.0,16.05,117.64,241.3355,8.5741717,0.0285767533333333,0.1003782999999999,7.83,0.9281376,12.282,84.642,31.226,21.507656666666666,0.04552,0.01119,0.00378,0.039,0.00173,0.16107,0.02407,0.0
55,9,Middlestream,wet2wet5,wet2wet5_Middlestream,8.06,1122.0,27.18,85.677,122.0339,5.7790931,11.056888888888889,0.2613969,13.1,3.77703,37.556,71.465,23.095,16.86840666666667,0.09334,0.0161,0.00624,0.17612,0.00298,0.13802,0.15271,0.00183
56,10,Downstream,wet2wet5,wet2wet5_Downstream,7.89,1191.0,24.64,,175.3673,7.2897468,2.7145844444444447,0.2650532,8.667,1.89448,,,,18.788103333333336,,,,,,,,
57,11,Downstream,wet2wet5,wet2wet5_Downstream,,,,,,,,,,,,,,,,,,,,,,
58,12,Downstream,wet2wet5,wet2wet5_Downstream,,,,,,,,,,,,,,,,,,,,,,
59,13,Downstream,wet2wet5,wet2wet5_Downstream,,,,,,,,,,,,,,,,,,,,,,
60,1,Upstream,wet2wet5,wet2wet5_Upstream,8.07,1090.0,2.975,,110.5638,24.77597362,0.1361197444444444,0.08719638,19.13,1.0943,,,,19.9956,,,,,,,,
61,2,Upstream,wet2wet5,wet2wet5_Upstream,8.15,950.1,2.642,,124.855,15.3504364,0.0959028,0.1223836,12.06,0.69232,,,,21.924090000000003,,,,,,,,
62,3,Upstream,wet2wet5,wet2wet5_Upstream,8.21,1087.0,0.4752,,146.4367,14.57160834,0.0243015811111111,0.07199166,11.32,0.58432,,,,21.70987333333333,,,,,,,,
63,4,Middlestream,wet2wet5,wet2wet5_Middlestream,8.27,1044.0,0.303,,136.0372,13.86506486,0.0164792366666666,0.06818514,10.72,0.92577,,,,20.29136,,,,,,,,
64,5,Middlestream,wet2wet5,wet2wet5_Middlestream,8.18,974.0,3.552,,107.1597,10.6474637,0.0183133611111111,0.1012063,9.531,1.44899,,,,15.086993333333334,,,,,,,,
65,7,Middlestream,wet2wet5,wet2wet5_Middlestream,8.16,1060.0,2.234,,133.7092,13.58744758,0.0076718288888888,0.07802242,11.32,1.05658,,,,18.94897333333333,,,,,,,,
66,8,Middlestream,wet2wet5,wet2wet5_Middlestream,8.07,1003.0,18.66,,144.7716,9.47072924,0.0374955855555555,0.06672076,6.26,0.86812,,,,16.964883333333333,,,,,,,,
67,9,Middlestream,wet2wet5,wet2wet5_Middlestream,7.98,1330.0,25.37,,201.3949,9.5888912,0.0476601222222222,0.1215987999999999,8.821,1.90481,,,,23.322190000000003,,,,,,,,
68,10,Downstream,wet2wet5,wet2wet5_Downstream,8.09,1007.0,18.71,,146.3993,8.90063043,0.0085219866666666,0.07484957,7.622,1.17847,,,,17.126263333333334,,,,,,,,
69,11,Downstream,wet2wet5,wet2wet5_Downstream,7.98,1044.0,18.68,,155.2272,8.5610628,0.5517761666666667,0.1252571999999999,8.013,1.52181,,,,17.806373333333333,,,,,,,,
70,12,Downstream,wet2wet5,wet2wet5_Downstream,,,,,,,,,,,,,,,,,,,,,,
71,13,Downstream,wet2wet5,wet2wet5_Downstream,7.98,1129.0,19.75,,164.2641,7.8148702,1.5728377777777776,0.1242998,7.992,1.47882,,,,19.44145,,,,,,,,
72,1,Upstream,dry2wet5,dry2wet5_Upstream,,,,,,,,,,,,,,,,,,,,,,
73,2,Upstream,dry2wet5,dry2wet5_Upstream,,,,,,,,,,,,,,,,,,,,,,
74,3,Upstream,dry2wet5,dry2wet5_Upstream,,,,,,,,,,,,,,,,,,,,,,
75,4,Middlestream,dry2wet5,dry2wet5_Middlestream,,,,,,,,,,,,,,,,,,,,,,
76,5,Middlestream,dry2wet5,dry2wet5_Middlestream,,,,,,,,,,,,,,,,,,,,,,
77,7,Middlestream,dry2wet5,dry2wet5_Middlestream,,,,,,,,,,,,,,,,,,,,,,
78,8,Middlestream,dry2wet5,dry2wet5_Middlestream,7.91,3430.0,19.33,,807.559,26.829014,0.4273422222222222,0.196526,20.85,0.65425,,,,59.86263333333333,,,,,,,,
79,9,Middlestream,dry2wet5,dry2wet5_Middlestream,,,,,,,,,,,,,,,,,,,,,,
80,10,Downstream,dry2wet5,dry2wet5_Downstream,,,,,,,,,,,,,,,,,,,,,,
81,11,Downstream,dry2wet5,dry2wet5_Downstream,,,,,,,,,,,,,,,,,,,,,,
82,12,Downstream,dry2wet5,dry2wet5_Downstream,,,,,,,,,,,,,,,,,,,,,,
83,13,Downstream,dry2wet5,dry2wet5_Downstream,,,,,,,,,,,,,,,,,,,,,,
84,1,Upstream,dry2wet5,dry2wet5_Upstream,7.89,2039.0,18.44,138.7,277.4973,58.1861393,0.5387366444444444,0.1647307,46.69,2.28982,11.535,189.07,39.976,36.43783333333334,0.02268,0.0,0.0,0.00691,0.0,0.10479,0.02479,0.0
85,2,Upstream,dry2wet5,dry2wet5_Upstream,8.05,1929.0,16.33,130.46,279.0927,48.5098663,0.3074179111111111,0.1331137,41.85,1.03488,8.633,178.94,36.881,38.28196666666667,0.02241,0.0,0.0,0.00709,0.0,0.10061,0.0409,0.0
86,3,Upstream,dry2wet5,dry2wet5_Upstream,8.22,2269.0,16.56,169.45,373.0591,44.0172065,0.1318013666666666,0.1303735,36.53,0.77374,7.6108,185.18,45.967,44.59636666666666,0.00319,0.0,0.0,0.00482,0.0,0.14679,0.02414,0.0
87,4,Middlestream,dry2wet5,dry2wet5_Middlestream,8.29,2267.0,16.11,171.09,383.0471,42.7326503,0.1465992111111111,0.1291397,35.95,0.7014,7.5778,195.57,46.387,44.95643333333334,0.00981,0.0,0.0,0.01218,0.0,0.14473,0.03919,0.0
88,5,Middlestream,dry2wet5,dry2wet5_Middlestream,8.13,2797.0,9.922,195.02,554.6895,38.9096158,0.1460083333333333,0.1347442,32.32,0.38194,14.551,234.42,59.215,44.9642,0.01624,0.0,0.0,0.00297,0.0,0.16487,0.0,0.0
89,7,Middlestream,dry2wet5,dry2wet5_Middlestream,8.12,2596.0,16.71,192.3,486.8578,43.5962613,0.1610206888888888,0.1536287,36.46,0.70936,9.0895,212.58,56.307,48.49803333333333,0.0398,0.0,0.0,0.02975,0.0,0.17062,0.05461,0.0
90,8,Middlestream,dry2wet5,dry2wet5_Middlestream,8.03,3594.0,17.61,311.66,781.2523,36.5142154,0.2448591444444444,0.2428746,30.39,0.50135,7.9956,217.06,88.038,59.632200000000005,0.06013,0.0,0.0,0.00576,0.0,0.2978,0.01957,0.0
91,9,Middlestream,dry2wet5,dry2wet5_Middlestream,8.0,3282.0,19.43,285.12,690.8065,23.6924689,0.6859597888888889,0.4722711,20.49,1.38515,12.361,199.62,83.466,55.323,0.1706,0.0,0.00279,0.01892,0.00265,0.28332,0.02928,0.00113
92,10,Downstream,dry2wet5,dry2wet5_Downstream,7.97,3452.0,18.27,307.06,752.1011,31.9598662,0.3975944777777778,0.3662638,26.85,0.48062,9.0843,212.97,85.353,57.34096666666667,0.10752,0.0,0.0,0.00716,0.0,0.28698,0.0275,0.0
93,11,Downstream,dry2wet5,dry2wet5_Downstream,8.04,3432.0,18.98,310.49,750.4106,30.0821439,0.4943600666666666,0.4898161,25.22,1.0342,13.26,200.03,85.233,59.31473333333333,0.09608,0.0,0.0,0.01279,0.00184,0.31511,0.03264,0.0
94,12,Downstream,dry2wet5,dry2wet5_Downstream,7.96,1990.0,15.48,197.93,404.6975,10.1606738,0.7252234111111111,0.5110162,9.723,0.52288,8.7537,112.59,40.628,33.6747,0.0595,0.0,0.0,0.00866,0.0,0.17392,0.02718,0.0
95,13,Downstream,dry2wet5,dry2wet5_Downstream,7.92,2125.0,15.91,207.19,428.3923,11.9859918,0.6922092333333334,0.5182882,10.98,0.64261,9.1731,122.98,43.523,36.32366666666667,0.06642,0.0,0.0,0.01007,0.0,0.1844,0.05633,0.0
96,1,Upstream,dry2dry5,dry2dry5_Upstream,7.92,2281.0,9.731,,323.1893,85.48137227,0.1168144444444444,0.03997773,65.74,0.1433794,,,,44.8245,,,,,,,,
97,2,Upstream,dry2dry5,dry2dry5_Upstream,7.99,2104.0,10.21,,311.6575,61.17732196,0.0785170555555555,0.08244804,51.83,0.1343675,,,,43.095933333333335,,,,,,,,
98,3,Upstream,dry2dry5,dry2dry5_Upstream,8.14,2421.0,14.6,,422.4133,49.45302589999999,0.0572723588888888,0.1029041,42.87,0.25767,,,,50.712266666666665,,,,,,,,
99,4,Middlestream,dry2dry5,dry2dry5_Middlestream,8.2,2425.0,14.81,,425.8442,47.8276472,0.0547679377777777,0.1051828,41.96,0.28623,,,,50.92666666666667,,,,,,,,
100,5,Middlestream,dry2dry5,dry2dry5_Middlestream,8.05,2872.0,10.07,,583.1935,43.046381,0.0814327111111111,0.202099,32.83,0.08502748,,,,46.35736666666667,,,,,,,,
101,7,Middlestream,dry2dry5,dry2dry5_Middlestream,8.15,2757.0,9.608,,528.5495,45.7305713,0.05542747,0.1791687,39.59,0.24043,,,,57.99443333333334,,,,,,,,
102,8,Middlestream,dry2dry5,dry2dry5_Middlestream,8.0,3735.0,15.29,,846.2513,40.6681431,0.1629911111111111,0.3228869,31.35,0.27167,,,,66.92876666666668,,,,,,,,
103,9,Middlestream,dry2dry5,dry2dry5_Middlestream,8.18,3279.0,18.3,,697.7523,26.8919141,1.289088888888889,0.2441759,21.1,0.42425,,,,60.2663,,,,,,,,
104,10,Downstream,dry2dry5,dry2dry5_Downstream,8.24,3632.0,14.54,,818.9896,37.9083988,0.5660277777777778,0.3259912,28.82,0.33981,,,,66.18303333333334,,,,,,,,
105,11,Downstream,dry2dry5,dry2dry5_Downstream,8.01,3512.0,20.62,,747.779,31.0692449,9.73377222222222,0.8051250999999999,31.94,2.56561,,,,64.15339999999999,,,,,,,,
106,12,Downstream,dry2dry5,dry2dry5_Downstream,7.94,3083.0,17.06,,679.8625,18.50622,1.6827844444444446,1.11239,15.87,0.7824,,,,56.68096666666667,,,,,,,,
107,13,Downstream,dry2dry5,dry2dry5_Downstream,7.98,3155.0,17.13,,699.6099,20.613563,2.913228888888889,1.0447570000000002,18.56,1.06597,,,,58.76226666666667,,,,,,,,
108,1,Upstream,dry2wet5,dry2wet5_Upstream,7.96,2292.0,9.911,137.58,323.1328,79.04994004000001,0.0176205633333333,0.02492996,63.26,0.1624018,3.7847,230.42,40.327,47.0356,0.03084,0.0,0.0,0.08778,0.0,0.1217,0.0464,0.0
109,2,Upstream,dry2wet5,dry2wet5_Upstream,8.17,2053.0,13.1,133.67,325.3907,55.3394879,0.0026881011111111,0.1088421,44.39,0.07908617,4.5584,190.49,38.083,43.7660333333333,0.02863,0.0,0.0,0.02634,0.0,0.11121,0.03695,0.0
110,3,Upstream,dry2wet5,dry2wet5_Upstream,8.25,2396.0,14.68,182.96,434.7002,44.87945741,0.0084684055555555,0.08656259,36.75,0.2443523,6.4297,197.71,47.307,51.41096666666667,0.00948,0.0,0.0,0.07024,0.0,0.16761,0.04164,0.0
111,4,Middlestream,dry2wet5,dry2wet5_Middlestream,8.34,2408.0,14.4,182.19,435.1474,44.36413125,0.0128765699999999,0.08308875,36.02,0.2423544,6.7068,198.19,50.269,51.83846666666667,0.01665,0.0,0.0,0.03171,0.0,0.17224,0.03344,0.0
112,5,Middlestream,dry2wet5,dry2wet5_Middlestream,8.14,2479.0,9.793,174.87,502.692,30.5270227,0.0157309677777777,0.1998772999999999,23.51,0.08831413,11.58,203.07,52.323,39.85326666666666,0.02234,0.0,0.0,0.16725,0.0,0.14673,0.03366,0.0
113,7,Middlestream,dry2wet5,dry2wet5_Middlestream,8.02,2499.0,14.83,188.0,484.3658,40.332036200000005,0.0181580855555555,0.1211838,28.96,0.2082187999999999,8.1506,182.2,57.093,50.105266666666665,0.06787,0.0,0.0,0.08082,0.0,0.16774,0.0334,0.0
114,8,Middlestream,dry2wet5,dry2wet5_Middlestream,8.1,2802.0,14.81,243.45,611.851,25.875969,0.0446087133333333,0.188401,19.54,0.2179456,7.2825,180.07,67.837,50.2176,0.05475,0.02077,0.0,0.10497,0.0,0.23049,0.05409,0.0
115,9,Middlestream,dry2wet5,dry2wet5_Middlestream,8.05,3180.0,19.82,296.26,686.1476,26.5821736,0.1211822111111111,0.2164764,18.74,0.5082808,11.078,194.86,79.622,59.783166666666666,0.1531,0.00462,0.0,0.16916,0.00265,0.29515,0.05703,0.0
116,10,Downstream,dry2wet5,dry2wet5_Downstream,8.12,2854.0,16.06,252.47,621.3812,28.5989449,0.0949261444444444,0.2207951,19.65,0.2908203,8.4316,185.02,71.269,50.71356666666667,0.08687,0.0219,0.0,0.2208,0.00199,0.24157,0.04682,0.0
117,11,Downstream,dry2wet5,dry2wet5_Downstream,7.96,2848.0,17.81,259.89,602.5233,25.5544554,0.4355748444444444,0.4658646,19.44,1.22764,13.676,171.95,69.602,50.9799,0.09998,0.0,0.0,0.06974,0.00187,0.26108,0.04548,0.0
118,12,Downstream,dry2wet5,dry2wet5_Downstream,7.89,3272.0,16.75,346.24,743.005,14.148382,10.631911111111112,1.332798,20.01,1.41938,17.113,163.04,70.774,55.3696,0.25604,0.0,0.0,0.13999,0.00182,0.25828,0.07903,0.00126
119,13,Downstream,dry2wet5,dry2wet5_Downstream,7.85,3221.0,16.89,325.6,718.1426,16.005289,8.235935555555555,1.221031,19.8,1.35709,16.416,163.42,68.57,54.25293333333334,0.23742,0.0,0.0,0.12027,0.0,0.25741,0.0838,0.00139
120,1,Upstream,wet2wet5,wet2wet5_Upstream,7.93,1999.0,16.02,,282.9756,71.6901983,0.192822,0.1236117,46.35,1.02957,,,,42.43633333333333,,,,,,,,
121,2,Upstream,wet2wet5,wet2wet5_Upstream,8.08,1972.0,14.54,,305.8675,47.9163537,0.1625907888888888,0.1610663,37.7,0.5872756,,,,43.81466666666666,,,,,,,,
122,3,Upstream,wet2wet5,wet2wet5_Upstream,7.98,2150.0,16.13,,388.3947,45.47059,0.1287615,0.12586,28.01,0.2579997,,,,45.06946666666667,,,,,,,,
123,4,Middlestream,wet2wet5,wet2wet5_Middlestream,8.15,2063.0,15.91,,365.9404,37.2267598,0.1232781666666666,0.1195301999999999,25.12,0.2950701,,,,44.5151,,,,,,,,
124,5,Middlestream,wet2wet5,wet2wet5_Middlestream,7.96,1655.0,21.38,,285.6184,19.5249672,1.3482661111111112,0.6962628,16.9,1.55382,,,,25.13473666666667,,,,,,,,
125,7,Middlestream,wet2wet5,wet2wet5_Middlestream,7.85,1926.0,19.85,,350.2003,29.7605596,0.4797986666666667,0.4106704,20.79,1.07088,,,,36.1542,,,,,,,,
126,8,Middlestream,wet2wet5,wet2wet5_Middlestream,7.89,1970.0,21.8,,374.1458,17.6439482,2.059959222222222,0.7359418,15.07,1.72908,,,,31.18810333333333,,,,,,,,
127,9,Middlestream,wet2wet5,wet2wet5_Middlestream,7.86,2636.0,24.4,,518.5883,19.8093858,1.890421555555556,0.6031542,14.98,1.79714,,,,47.593266666666665,,,,,,,,
128,10,Downstream,wet2wet5,wet2wet5_Downstream,8.02,2082.0,23.21,,412.4413,19.6936105,2.680758111111111,0.7336495,15.82,1.8157,,,,38.5959,,,,,,,,
129,11,Downstream,wet2wet5,wet2wet5_Downstream,7.88,2091.0,22.19,,403.6613,17.1973232,5.733210777777778,0.7680768,16.04,1.92991,,,,38.0504,,,,,,,,
130,12,Downstream,wet2wet5,wet2wet5_Downstream,7.95,2579.0,16.03,,564.5521,18.822068,4.089368111111111,1.045012,13.85,1.12512,,,,42.075966666666666,,,,,,,,
131,13,Downstream,wet2wet5,wet2wet5_Downstream,7.95,2491.0,17.19,,573.554,18.055405,3.914851111111111,1.024145,14.12,1.02907,,,,43.28113333333334,,,,,,,,
132,1,Upstream,dry2dry5,dry2dry5_Upstream,7.99,2321.0,11.79,141.43,284.9307,84.51210775999999,0.1384925111111111,0.04693224,62.74,0.1961249,2.6846,221.36,42.646,41.648266666666665,0.04323,0.0,0.0,0.04181,0.0024,0.12488,0.1072,0.0
133,2,Upstream,dry2dry5,dry2dry5_Upstream,7.76,2396.0,6.754,141.56,340.6053,93.03666791,0.1351913111111111,0.08191209,62.56,0.1284736,2.6527,236.48,43.565,51.399033333333335,0.04123,0.0,0.0,0.03081,0.0,0.12187,0.07042,0.0
134,3,Upstream,dry2dry5,dry2dry5_Upstream,7.7,2684.0,13.79,188.54,463.0776,65.80333083,0.1117421666666666,0.04072917,48.16,0.3004695,4.4017,228.89,55.869,58.50833333333333,0.04748,0.0,0.0,0.06135,0.0,0.18074,0.07071,0.0
135,4,Middlestream,dry2dry5,dry2dry5_Middlestream,7.94,2696.0,13.55,194.87,469.5858,64.61791631999999,0.1868703666666666,0.08014368,44.09,0.2442151,5.0576,221.93,56.681,55.89716666666666,0.02649,0.0,0.00303,0.01117,0.0,0.17937,0.0646,0.0
136,5,Middlestream,dry2dry5,dry2dry5_Middlestream,7.77,2962.0,9.39,201.26,610.829,39.50404836,0.0888522444444444,0.09251164,30.39,0.116313,11.223,239.69,59.806,49.17523333333333,0.04057,0.0,0.0,0.0221,0.0,0.16912,0.05544,0.0
137,7,Middlestream,dry2dry5,dry2dry5_Middlestream,7.6,3137.0,14.77,228.31,579.0828,53.29048,0.3117818666666666,0.4921999999999999,41.45,0.3254168,7.5691,232.19,69.728,61.81716666666667,0.11519,0.0,0.0,0.01881,0.0,0.22097,0.05732,0.0
138,8,Middlestream,dry2dry5,dry2dry5_Middlestream,7.93,3409.0,16.41,294.23,734.2512,37.3920947,0.1853240666666666,0.4437153,21.68,0.3660541,5.5279,200.7,87.699,61.6868,0.11252,0.0,0.0,0.03995,0.00193,0.30498,0.05965,0.0
139,9,Middlestream,dry2dry5,dry2dry5_Middlestream,8.13,2739.0,16.76,236.56,557.4402,28.2851082,0.2072852444444444,0.2376117999999999,17.54,0.4549934,5.938,172.12,70.653,51.20863333333333,0.1027,0.00557,0.0,0.04214,0.00293,0.25537,0.06317,0.0
140,10,Downstream,dry2dry5,dry2dry5_Downstream,8.03,3475.0,16.89,315.88,768.0618,33.6723192,1.4752251111111112,0.5394608,21.59,0.5470134000000001,7.3067,201.98,89.373,62.48896666666667,0.15578,0.0,0.0,0.04249,0.00195,0.31927,0.07403,0.0
141,11,Downstream,dry2dry5,dry2dry5_Downstream,7.96,3300.0,19.83,315.58,711.387,30.185312,0.3163752666666666,2.052798,19.76,2.71341,19.846,175.48,79.814,61.453300000000006,0.07302,0.0,0.0,0.03607,0.00265,0.341,0.06871,0.0
142,12,Downstream,dry2dry5,dry2dry5_Downstream,7.93,3272.0,17.16,338.53,731.1328,17.053798,11.656656666666668,4.034562,23.34,1.86462,18.351,147.19,69.173,56.08776666666666,0.18447,0.0,0.0,0.05937,0.0,0.27121,0.10135,0.0
143,13,Downstream,dry2dry5,dry2dry5_Downstream,7.99,3279.0,18.62,335.04,736.8855,19.393559000000003,11.066727777777778,3.848231,23.35,1.8285,18.226,150.63,70.415,55.72143333333333,0.19714,0.0026,0.00256,0.07258,0.0,0.37829,0.08392,0.0
144,1,Upstream,wet2wet5,wet2wet5_Upstream,8.03,2403.0,14.3,,361.0959,76.71958929,0.1632555555555555,0.07423071,52.66,0.25401,,,,53.8445,,,,,,,,
145,2,Upstream,wet2wet5,wet2wet5_Upstream,8.03,2386.0,13.93,,343.5421,68.79201788,0.1189802444444444,0.07809212,52.58,0.29621,,,,49.71573333333333,,,,,,,,
146,3,Upstream,wet2wet5,wet2wet5_Upstream,8.08,2680.0,14.02,,469.5707,49.0760264,0.0477879888888888,0.0438836,38.31,0.20607,,,,55.79336666666666,,,,,,,,
147,4,Middlestream,wet2wet5,wet2wet5_Middlestream,7.88,2710.0,15.02,,468.0248,45.2819243,0.0555838033333333,0.1127157,35.98,0.23805,,,,56.1848,,,,,,,,
148,5,Middlestream,wet2wet5,wet2wet5_Middlestream,7.91,2731.0,16.38,,555.2974,44.8385905,0.0764556877777777,0.1082095,26.5,0.1494259,,,,42.26446666666667,,,,,,,,
149,7,Middlestream,wet2wet5,wet2wet5_Middlestream,7.77,2835.0,16.85,,539.0958,32.334672600000005,0.2480955555555555,0.4286974,29.31,0.32126,,,,52.0211,,,,,,,,
150,8,Middlestream,wet2wet5,wet2wet5_Middlestream,8.01,3466.0,19.78,,781.5253,22.6716656,0.0135521166666666,0.8188244,14.47,0.49655,,,,56.41976666666667,,,,,,,,
151,9,Middlestream,wet2wet5,wet2wet5_Middlestream,8.08,2578.0,17.43,,517.9152,22.33694,0.3472855555555555,0.16184,12.54,0.65642,,,,48.4266,,,,,,,,
152,10,Downstream,wet2wet5,wet2wet5_Downstream,8.4,2748.0,16.95,,593.3158,16.293287,0.0107436155555555,0.334533,10.81,0.28641,,,,47.31956666666667,,,,,,,,
153,11,Downstream,wet2wet5,wet2wet5_Downstream,8.0,2955.0,20.27,,634.3762,20.3139411,0.7230844444444444,0.8483389,13.46,1.88225,,,,51.409,,,,,,,,
154,12,Downstream,wet2wet5,wet2wet5_Downstream,7.85,3199.0,16.64,,722.5881,15.14799,5.834974444444445,2.45664,15.75,1.32131,,,,51.49836666666667,,,,,,,,
155,13,Downstream,wet2wet5,wet2wet5_Downstream,7.85,3181.0,16.85,,709.661,14.658051,4.814537777777778,2.318839,15.04,1.28499,,,,52.4974,,,,,,,,
156,1,Upstream,other,other_Upstream,7.63,2442.0,10.19,145.16,345.1677,87.83261327000001,0.2671321333333333,0.07902673,54.54,0.04298539,2.1213,248.38,44.405,50.91233333333333,0.00608,0.0,0.0,0.0411,0.0,0.12,0.02147,0.0
157,2,Upstream,other,other_Upstream,7.63,2440.0,12.52,145.24,345.9618,89.62587947,0.1486822555555555,0.09153053,53.73,0.3927457,1.7582,238.7,43.885,50.7283,0.026,0.00338,0.0,0.22152,0.0,0.123,0.05302,0.0
158,3,Upstream,other,other_Upstream,7.73,2762.0,13.71,197.09,510.1777,60.0423656,0.0876686999999999,0.0401644,35.56,0.1653317999999999,3.455,218.2,58.97,56.846066666666665,0.00384,0.0,0.0,0.02564,0.0,0.18686,0.021,0.0
159,4,Middlestream,other,other_Middlestream,7.43,2827.0,14.56,199.95,533.0491,57.6756252,0.0618673222222222,0.1171247999999999,34.5,0.6904557,3.788,218.14,59.747,57.72323333333333,0.0143,0.00685,0.00625,0.03162,0.0,0.18847,0.0,0.0
160,5,Middlestream,other,other_Middlestream,7.66,2987.0,14.53,193.91,608.8396,38.64673485,0.0452402611111111,0.05575515,26.71,0.4745079,13.088,234.37,61.883,48.02053333333333,0.01581,0.0,0.0,0.04946,0.0,0.16583,0.0,0.0
161,7,Middlestream,other,other_Middlestream,7.45,3134.0,15.83,221.58,616.3253,49.874522600000006,0.2731665222222222,0.3699574,31.07,0.4713571,8.0144,232.21,68.22,57.4297,0.19234,0.0,0.0,0.03879,0.0,0.19363,0.02174,0.0
162,8,Middlestream,other,other_Middlestream,7.44,4107.0,16.19,358.17,962.1738,29.1304748,0.1084405777777777,0.4771052,17.23,0.2492281,6.6157,214.28,102.65,65.00543333333333,0.09192,0.00949,0.0,0.28254,0.0,0.35927,0.02141,0.0
163,9,Middlestream,other,other_Middlestream,7.71,2743.0,15.99,223.71,569.7365,22.91645437,0.1538880777777777,0.07964563,13.12,0.4796007,5.8588,163.18,70.016,47.1029,0.05079,0.0,0.0,0.04237,0.00251,0.24486,0.0,0.0
164,10,Downstream,other,other_Downstream,7.43,3552.0,16.3,349.11,791.8867,25.7382599,0.1532405777777777,0.3690901,15.58,0.3598191,6.96,177.39,93.596,57.8157,0.1474,0.04186,0.0,0.88149,0.00202,0.30379,0.07626,0.0
165,11,Downstream,other,other_Downstream,7.63,2223.0,29.68,196.35,412.5624,22.751268,5.736251111111112,2.977542,20.32,9.13703,54.034,102.41,51.781,35.4714,0.04821,0.0,0.0,0.0412,0.00238,0.19473,0.0,0.00128
166,12,Downstream,other,other_Downstream,7.36,4832.0,18.76,456.97,1180.657,25.450135,2.9866666666666664,4.468345,20.23,1.55127,16.252,208.23,103.75,73.22483333333334,0.38415,0.0,0.0,0.06662,0.0,0.35684,0.02344,0.00188
167,13,Downstream,other,other_Downstream,7.5,4204.0,21.68,401.27,939.7599,24.382932,3.4556666666666667,4.733428,20.15,3.46788,26.502,179.32,93.329,66.63333333333334,0.26328,0.01387,0.0,0.32181,0.00165,0.31994,0.02478,0.0015
168,1,Upstream,other,other_Upstream,7.54,2446.0,8.977,,339.1856,88.37808256999999,0.1523648777777777,0.0433774299999999,53.81,0.00400998,,,,50.61483333333334,,,,,,,,
169,2,Upstream,other,other_Upstream,7.55,2438.0,9.039,,357.7893,81.87964989999999,0.1441433777777777,0.1007300999999999,52.05,0.0,,,,51.67083333333333,,,,,,,,
170,3,Upstream,other,other_Upstream,7.59,2802.0,10.63,,512.9213,55.53485841,0.0905651444444444,0.02544159,36.41,0.0,,,,57.02726666666666,,,,,,,,
171,4,Middlestream,other,other_Middlestream,7.19,2972.0,16.35,,559.9935,44.974293800000005,0.4445193666666667,0.4475462,32.14,0.30298,,,,59.25013333333334,,,,,,,,
172,5,Middlestream,other,other_Middlestream,7.38,3079.0,12.39,,640.2062,35.105077900000005,0.0965495222222222,0.0708321,20.16,0.0,,,,50.835566666666665,,,,,,,,
173,7,Middlestream,other,other_Middlestream,7.45,3206.0,16.94,,664.5087,40.3324835,0.2116492777777777,0.6397465,23.61,0.34066,,,,59.75456666666667,,,,,,,,
174,8,Middlestream,other,other_Middlestream,7.48,4746.0,13.09,,1092.173,30.03608,0.0095793055555555,0.0,17.28,0.0,,,,72.2735,,,,,,,,
175,9,Middlestream,other,other_Middlestream,7.61,2774.0,18.37,,574.4763,10.7073426,0.1413869333333333,0.2380974,7.337,0.1690507,,,,47.61336666666667,,,,,,,,
176,10,Downstream,other,other_Downstream,7.24,3666.0,16.94,,797.1976,19.8480952,0.1427518555555555,0.4360148,12.3,0.19064,,,,61.0323,,,,,,,,
177,11,Downstream,other,other_Downstream,7.47,2452.0,16.4,,524.4977,4.5478755,0.1969874666666666,0.1297675,3.129,0.44841,,,,46.0885,,,,,,,,
178,12,Downstream,other,other_Downstream,7.44,4499.0,17.66,,1024.686,23.817498,2.5540199999999995,3.451682,18.28,1.03117,,,,66.69353333333333,,,,,,,,
179,13,Downstream,other,other_Downstream,7.37,4391.0,17.28,,1008.107,22.277346,2.4913544444444446,3.366604,17.22,0.98835,,,,66.4203,,,,,,,,
180,1,Upstream,other,other_Upstream,7.97,2453.0,7.555,134.03,371.4975,79.6793653,0.0,0.0329046999999999,48.9,0.0047765,1.9996,230.6,47.45,53.36816666666667,0.00348,0.0,0.0,0.00304,0.00209,0.12124,0.0,0.0
181,2,Upstream,other,other_Upstream,7.94,2433.0,11.8,137.25,364.1145,87.1370979,0.0201429822222222,0.0821521,48.98,0.02161303,3.8294,223.1,46.1,51.51263333333333,0.00593,0.0,0.0,0.00378,0.0,0.11896,0.0,0.0
182,3,Upstream,other,other_Upstream,7.96,2816.0,11.74,190.58,554.8152,49.23808224,0.0,0.00792776,29.67,0.1081005,6.5247,216.27,61.154,56.9531,0.00071,0.0,0.0,0.00292,0.0,0.18414,0.0,0.0
183,4,Middlestream,other,other_Middlestream,7.81,2817.0,16.49,202.62,543.8326,50.9628902,0.0223603566666666,0.2831998,33.3,1.28866,16.628,192.51,62.922,50.42273333333333,0.05175,0.03814,0.01197,0.18203,0.00255,0.15491,0.01855,0.0
184,5,Middlestream,other,other_Middlestream,7.58,3045.0,14.95,199.44,659.5297,31.1801333,0.0055207522222222,0.2163367,19.54,0.0999101,15.541,226.18,67.897,50.30543333333333,0.00818,0.0,0.0,0.00587,0.0,0.16175,0.0,0.0
185,7,Middlestream,other,other_Middlestream,7.73,3103.0,15.13,217.98,658.9548,35.336839600000005,0.0874354444444444,0.6190703999999999,21.19,0.2767339,11.583,207.16,74.603,57.84383333333333,0.025,0.0,0.0,0.01277,0.0,0.19569,0.02146,0.0
186,8,Middlestream,other,other_Middlestream,7.81,3837.0,16.29,310.15,909.2401,24.60389705,0.0015732188888888,0.0014129499999999,14.89,0.1643364,10.055,211.78,94.295,66.02096666666667,0.01766,0.0,0.0,0.00749,0.0,0.30979,0.01502,0.0
187,9,Middlestream,other,other_Middlestream,8.07,2909.0,16.94,238.89,636.9637,17.30194183,0.0,0.04755817,10.96,0.1314321,6.6156,153.91,73.765,49.9578,0.16167,0.0,0.0,0.00441,0.00213,0.27037,0.0,0.0
188,10,Downstream,other,other_Downstream,7.62,3721.0,18.47,310.28,863.8812,20.49403736,0.0026069244444444,0.09423264,12.89,0.1709056,10.011,191.46,89.871,63.675900000000006,0.17531,0.0,0.0,0.00765,0.0,0.32173,0.01652,0.00113
189,11,Downstream,other,other_Downstream,7.7,5433.0,32.63,620.52,1278.698,0.0,0.5563704222222222,0.0,1.303,1.53926,11.086,142.15,101.39,95.04003333333333,1.4426,0.0,0.0,0.0499,0.00247,0.99933,0.01804,0.0
190,12,Downstream,other,other_Downstream,7.72,4796.0,16.94,446.82,1174.05,19.50585,1.1092666666666666,2.9974,15.26,0.8631146,12.878,198.36,103.44,71.39783333333334,0.21679,0.0,0.0,0.00378,0.0,0.37208,0.0,0.00132
191,13,Downstream,other,other_Downstream,7.76,4806.0,17.21,464.88,1164.6,20.139112,0.2990138666666666,2.498008,14.64,0.7730596000000001,12.61,196.5,105.45,73.56713333333333,0.20754,0.0,0.0,0.00559,0.0,0.37534,0.0,0.00119
192,1,Upstream,other,other_Upstream,7.94,2359.0,9.821,,343.9425,85.08792823,0.0282865333333333,0.05379177,45.31,0.01591379,,,,46.87826666666667,,,,,,,,
193,2,Upstream,other,other_Upstream,8.13,2353.0,10.83,,348.0591,74.90751664,0.0428884788888888,0.0712433599999999,44.41,0.00860122,,,,46.198,,,,,,,,
194,3,Upstream,other,other_Upstream,8.2,2615.0,11.9,,466.6294,56.07360343,0.0032216955555555,0.05415657,34.99,0.00431781,,,,51.15543333333333,,,,,,,,
195,4,Middlestream,other,other_Middlestream,8.34,2609.0,14.38,,459.4474,51.3792961,0.0168240333333333,0.1998139,37.8,3.58339,,,,46.38443333333333,,,,,,,,
196,5,Middlestream,other,other_Middlestream,8.23,3136.0,13.84,,690.8526,31.03384218,0.0203972066666666,0.0055878199999999,17.06,0.1801568,,,,50.6612,,,,,,,,
197,7,Middlestream,other,other_Middlestream,8.15,3104.0,14.77,,618.866,47.0640014,0.0157990544444444,0.2074986,24.79,0.2078456,,,,57.1221,,,,,,,,
198,8,Middlestream,other,other_Middlestream,8.14,3769.0,14.65,,837.6464,35.63419323,0.0035558911111111,0.01397677,18.96,0.1572099,,,,63.45973333333333,,,,,,,,
199,9,Middlestream,other,other_Middlestream,8.31,2884.0,17.13,,605.0037,22.30883253,0.0154152366666666,0.09392747,11.73,0.1723964,,,,46.2218,,,,,,,,
200,10,Downstream,other,other_Downstream,7.9,3588.0,15.47,,754.7676,32.7436639,0.0022257277777777,0.1047861,17.32,0.1952248999999999,,,,58.3811,,,,,,,,
201,11,Downstream,other,other_Downstream,7.86,4273.0,27.75,,996.5854,0.0,2.347006666666667,0.03756545,2.561,0.8324506,,,,65.86263333333333,,,,,,,,
202,12,Downstream,other,other_Downstream,8.1,4986.0,19.18,,1200.719,26.377053,7.268434444444444,2.616507,22.28,0.5178196,,,,67.94563333333333,,,,,,,,
203,13,Downstream,other,other_Downstream,8.11,5048.0,19.29,,1225.32,26.444443,7.422053333333333,2.408877,22.15,0.5380176,,,,70.28143333333334,,,,,,,,
204,1,Upstream,other,other_Upstream,7.58,2359.0,10.58,144.05,398.2216,79.94447097999999,0.0384244622222222,0.04879902,81.05,0.1154877,1.2876,233.25,43.229,48.01063333333334,0.00282,0.0,0.01036,0.0,0.0,0.13227,0.05143,0.0
205,2,Upstream,other,other_Upstream,7.62,2362.0,12.6,144.14,350.8294,76.26803763000001,0.0892469666666666,0.07528237,80.13,0.1234993,1.0783,240.98,43.664,44.095666666666666,0.00322,0.0,0.01268,0.0,0.0,0.1333,0.0431,0.0
206,3,Upstream,other,other_Upstream,7.58,2667.0,12.84,194.65,508.8822,52.450089600000005,0.0070601222222222,0.0292804,55.33,0.01947985,3.8714,219.35,57.139,51.75023333333333,0.00177,0.0,0.01844,0.00447,0.0,0.20288,0.04436,0.0
207,4,Middlestream,other,other_Middlestream,7.58,2660.0,13.74,211.2,523.1459,47.8653333,0.0040528444444444,0.1163167,47.41,0.6007480000000001,7.0537,204.98,58.641,48.55726666666666,0.02416,0.00366,0.02148,0.03548,0.0,0.20653,0.04168,0.0
208,5,Middlestream,other,other_Middlestream,7.46,3133.0,14.77,223.92,691.7174,30.5498,0.0166283288888888,0.0,31.66,0.05250468,16.169,249.56,74.942,46.50656666666666,0.00303,0.0,0.02502,0.00338,0.0,0.19476,0.04089,0.0
209,7,Middlestream,other,other_Middlestream,7.6,3178.0,14.67,240.75,672.4731,39.1366426,0.0679811533333333,0.1202974,39.55,0.233392,8.434,233.38,81.345,53.2892,0.02315,0.0,0.01762,0.02226,0.0,0.22058,0.05034,0.0
210,8,Middlestream,other,other_Middlestream,7.42,3747.0,15.73,332.92,872.7576,26.26383784,0.0054034788888888,0.01999216,28.0,0.188043,5.0341,227.0,100.3,58.70676666666666,0.02789,0.0,0.01981,0.00551,0.0,0.34889,0.03407,0.0
211,9,Middlestream,other,other_Middlestream,7.54,2920.0,16.51,250.8,644.6835,20.76492181,0.0040655066666666,0.06673819,22.04,0.2626497,5.9754,193.76,80.129,44.12146666666666,0.05093,0.0,0.01326,0.01045,0.00244,0.28076,0.04211,0.0
212,10,Downstream,other,other_Downstream,7.41,3537.0,16.11,277.81,811.5368,26.1058386,0.0993647666666666,0.1105614,27.1,0.177369,5.6544,215.09,91.385,55.3676,0.04964,0.0,0.01508,0.01048,0.00202,0.33714,0.03962,0.0
213,11,Downstream,other,other_Downstream,7.36,4561.0,30.46,514.14,1013.259,0.0,2.04092,0.0,3.2,0.9032723,6.1482,170.65,96.434,65.9492,1.133,0.00486,0.01553,0.05063,0.0,0.82662,0.04155,0.0
214,12,Downstream,other,other_Downstream,7.69,4740.0,16.04,465.04,1223.555,19.2100528,0.0112479888888888,0.1908371999999999,19.49,0.3843315,9.7079,214.71,115.56,66.1502,0.11889,0.00289,0.01868,0.01205,0.00202,0.40268,0.04183,0.00118
215,13,Downstream,other,other_Downstream,7.73,4758.0,16.08,459.97,1207.465,18.2661383,0.0119025666666666,0.2229717,19.38,0.4101202,9.5047,207.39,114.99,66.13783333333333,0.14399,0.0,0.0192,0.05791,0.00168,0.40873,0.07126,0.00127
216,1,Upstream,other,other_Upstream,7.54,2362.0,10.77,,359.4124,94.56068403,0.0038185855555555,0.04525597,81.03,0.00441371,,,,50.34623333333334,,,,,,,,
217,2,Upstream,other,other_Upstream,7.66,2356.0,11.77,,360.3555,87.67395871,0.0,0.07129129,80.27,0.00405813,,,,49.63066666666666,,,,,,,,
218,3,Upstream,other,other_Upstream,7.85,2841.0,14.0,,580.9957,49.88330266,0.0,0.0233473399999999,46.98,0.05731372,,,,57.48853333333333,,,,,,,,
219,4,Middlestream,other,other_Middlestream,7.7,3285.0,18.29,,714.3576,16.34058103,0.0038658588888888,0.08451897,16.84,0.9693016,,,,58.867333333333335,,,,,,,,
220,5,Middlestream,other,other_Middlestream,7.84,3243.0,14.23,,713.4457,36.076825320000005,0.00165438,0.0174246799999999,33.22,0.1835049,,,,51.2793,,,,,,,,
221,7,Middlestream,other,other_Middlestream,7.8,3345.0,14.37,,709.4959,44.474107100000005,0.0,0.1148829,41.61,0.1875458,,,,60.3339,,,,,,,,
222,8,Middlestream,other,other_Middlestream,7.76,4092.0,14.04,,986.4093,38.93437128,0.0,0.04091872,34.38,0.08947084,,,,66.06183333333333,,,,,,,,
223,9,Middlestream,other,other_Middlestream,7.95,2905.0,15.4,,631.0023,22.09522833,0.0016719811111111,0.07224167,21.02,0.3124157,,,,47.5996,,,,,,,,
224,10,Downstream,other,other_Downstream,7.74,3850.0,14.4,,848.3047,33.970869099999994,0.1137006888888888,0.1212809,30.3,0.2145236999999999,,,,63.78,,,,,,,,
225,11,Downstream,other,other_Downstream,7.58,4681.0,38.06,,1013.364,0.0,9.284201111111113,0.0,10.12,2.584911,,,,52.7657,,,,,,,,
226,12,Downstream,other,other_Downstream,7.88,4318.0,18.15,,1018.986,17.1148102,0.3987822222222223,0.6106698,16.7,0.4715543,,,,63.46146666666667,,,,,,,,
227,13,Downstream,other,other_Downstream,8.02,4434.0,18.87,,1053.877,16.6128898,0.0259368122222222,0.1676002,15.86,0.4716515999999999,,,,66.09570000000001,,,,,,,,
228,1,Upstream,other,other_Upstream,7.63,2248.0,13.82,144.13,355.1688,86.66504812,0.0083788911111111,0.04451188,21.94,0.0,1.1952,234.06,43.252,48.92316666666667,0.00563,0.0,0.0,0.0,0.0,0.12664,0.01471,0.0
229,2,Upstream,other,other_Upstream,7.9,2617.0,17.1,157.05,436.0826,89.04102275000001,0.0071225622222222,0.01678725,21.88,0.0472028699999999,1.6364,283.53,58.598,53.5632,0.01284,0.0,0.0,0.0,0.0,0.11851,0.0,0.0
230,3,Upstream,other,other_Upstream,,,,,,,,,,,,,,,,,,,,,,
231,4,Middlestream,other,other_Middlestream,,,,,,,,,,,,,,,,,,,,,,
232,5,Middlestream,other,other_Middlestream,8.04,3186.0,18.53,236.68,766.4487,36.54309,0.0081700888888888,0.0,9.263,0.1744733,18.627,263.31,79.393,51.83306666666667,0.00712,0.01716,0.01216,0.02069,0.00174,0.20585,0.01807,0.0
233,7,Middlestream,other,other_Middlestream,8.0,3190.0,,245.6,727.096,49.85019892,0.0087430855555555,0.04124108,,0.1682984,7.5176,241.76,87.414,61.54966666666667,0.0225,0.0,0.00412,0.00393,0.0,0.23807,0.01587,0.0
234,8,Middlestream,other,other_Middlestream,7.96,3984.0,,360.0,965.2206,39.61041885,0.0090386411111111,0.00546115,,0.1599422999999999,3.7607,246.08,107.5,60.18996666666666,0.03887,0.00276,0.00832,0.00243,0.0,0.36942,0.01473,0.0
235,9,Middlestream,other,other_Middlestream,8.19,2865.0,,264.07,678.9862,18.28332,0.0077003888888888,0.0,,0.6701237,7.5063,181.61,79.125,46.74723333333333,0.11241,0.0,0.00381,0.00468,0.00245,0.28955,0.0,0.00122
236,10,Downstream,other,other_Downstream,7.63,3788.0,,358.73,989.9791,28.41993713,0.0028372788888888,0.04796287,,0.2662364,6.0042,212.02,104.74,65.9485,0.2589,0.0,0.00775,0.02692,0.00198,0.40042,0.0149,0.00135
237,11,Downstream,other,other_Downstream,7.82,4771.0,,585.8,1111.432,0.0,5.828263777777778,0.00285438,,1.99093,6.569,162.96,94.882,49.476933333333335,1.0478,0.0,0.01236,0.13734,0.0,1.1026,0.03887,0.00127
238,12,Downstream,other,other_Downstream,8.06,3818.0,,410.29,993.5357,14.7998871,0.3305403111111111,0.1283629,,1.38379,14.302,172.43,94.002,62.94286666666667,0.12835,0.00627,0.00848,0.02388,0.00212,0.35701,0.04779,0.00119
239,13,Downstream,other,other_Downstream,8.09,3836.0,,422.98,1001.421,15.5430261,0.1392733222222222,0.1652538999999999,,1.30791,14.091,173.09,96.631,63.2687,0.13158,0.0,0.00653,0.00242,0.00232,0.3638,0.0,0.00139
240,1,Upstream,other,other_Upstream,7.68,2309.0,4.725,,357.57,93.26425356,0.1512308,0.06590644,77.86,0.00670319,,,,50.63133333333334,,,,,,,,
241,2,Upstream,other,other_Upstream,7.9,2618.0,7.433,,415.263,91.6016878,0.0964309111111111,0.1741222,77.51,0.06074686,,,,53.02493333333334,,,,,,,,
242,3,Upstream,other,other_Upstream,,,,,,,,,,,,,,,,,,,,,,
243,4,Middlestream,other,other_Middlestream,,,,,,,,,,,,,,,,,,,,,,
244,5,Middlestream,other,other_Middlestream,8.0,3812.0,15.36,,925.6298,28.51222285,0.1426368222222222,0.0209571499999999,24.45,0.2090069,,,,59.76123333333334,,,,,,,,
245,7,Middlestream,other,other_Middlestream,7.96,2942.0,12.76,,633.8307,41.6730624,0.1430666222222222,0.2240076,37.06,0.2994863,,,,54.458400000000005,,,,,,,,
246,8,Middlestream,other,other_Middlestream,8.06,3600.0,12.7,,882.7808,31.9506529,0.1496360444444444,0.0610771,28.08,0.1882895,,,,62.0599,,,,,,,,
247,9,Middlestream,other,other_Middlestream,8.17,2935.0,15.95,,690.0807,17.63287214,0.0975635111111111,0.08853786,15.44,0.5153365,,,,46.7391,,,,,,,,
248,10,Downstream,other,other_Downstream,7.85,3454.0,10.8,,841.3474,27.81094368,0.1902259333333333,0.0928563199999999,24.48,0.2438906,,,,59.0676,,,,,,,,
249,11,Downstream,other,other_Downstream,7.89,4805.0,44.83,,1041.915,0.0,3.804686666666667,0.09866858,4.189,1.57564,,,,67.24026666666667,,,,,,,,
250,12,Downstream,other,other_Downstream,7.92,4422.0,14.28,,1176.321,15.7962938,0.5808465444444444,0.5168962,14.23,0.7064689,,,,63.07443333333333,,,,,,,,
251,13,Downstream,other,other_Downstream,8.04,4293.0,15.0,,1115.897,14.3959343,0.5113241,0.4206057,13.53,0.7338071,,,,60.21513333333333,,,,,,,,
252,1,Upstream,dry2dry5,dry2dry5_Upstream,7.54,2325.0,9.446,142.4,365.194,86.72839712999999,0.0840857888888888,0.06510287,76.48,0.00626832,1.0969,234.95,44.518,49.16823333333334,0.00451,0.00724,0.0,0.01327,0.0,0.12036,0.0,0.0
253,2,Upstream,dry2dry5,dry2dry5_Upstream,7.81,2329.0,3.986,144.1,370.2074,95.0095286,0.1004576222222222,0.1255914,74.79,0.01117927,1.2544,237.94,45.307,48.3047,0.01171,0.01043,0.0,0.0089,0.0,0.12239,0.0,0.0
254,3,Upstream,dry2dry5,dry2dry5_Upstream,,,,,,,,,,,,,,,,,,,,,,
255,4,Middlestream,dry2dry5,dry2dry5_Middlestream,,,,,,,,,,,,,,,,,,,,,,
256,5,Middlestream,dry2dry5,dry2dry5_Middlestream,7.59,3910.0,15.62,321.63,934.4723,33.0525096,0.1207090888888888,0.1926604,27.75,0.0898885099999999,20.239,252.53,102.15,63.1831,0.0732,0.01319,0.01798,0.01261,0.00171,0.26185,0.0,0.0
257,7,Middlestream,dry2dry5,dry2dry5_Middlestream,8.27,3224.0,12.1,242.24,699.6204,49.5420741,0.1929122222222222,0.1938659,44.02,0.4961515,5.7172,230.7,86.08,57.6646,0.02663,0.00349,0.00422,0.0191,0.0,0.23679,0.0,0.0
258,8,Middlestream,dry2dry5,dry2dry5_Middlestream,8.13,3977.0,8.828,336.81,998.9889,39.30235993,0.0904838666666666,0.04138007,32.93,0.1677649,3.8958,237.54,103.88,61.34226666666667,0.04096,0.00692,0.01128,0.0293,0.00175,0.3569,0.01775,0.0
259,9,Middlestream,dry2dry5,dry2dry5_Middlestream,7.99,3138.0,14.1,286.89,753.9466,17.3997126,0.4986488888888889,0.1199574,16.41,0.3081175,8.5163,168.67,83.269,44.939166666666665,0.26679,0.00754,0.00573,0.0106,0.00245,0.30488,0.0,0.0
260,10,Downstream,dry2dry5,dry2dry5_Downstream,7.93,3338.0,12.92,309.7,839.147,21.2042819,2.5816544444444443,0.0872481,20.9,0.1940061,9.4992,169.63,90.117,52.50470000000001,0.45881,0.00669,0.00317,0.03271,0.00245,0.32501,0.02353,0.00132
261,11,Downstream,dry2dry5,dry2dry5_Downstream,7.83,3155.0,13.8,307.33,808.44,11.8516016,1.7480711111111114,0.6815084,12.13,0.2123032,10.564,149.38,85.805,49.357733333333336,0.11165,0.00704,0.0,0.03442,0.00253,0.33742,0.02813,0.0
262,12,Downstream,dry2dry5,dry2dry5_Downstream,8.1,5095.0,11.16,535.26,1408.815,15.4867809,0.26957,0.2432391,14.42,0.2074276,7.4978,154.63,103.77,60.02016666666666,0.0232,0.00353,0.01257,0.04507,0.00911,0.685,0.05069,0.0
263,13,Downstream,dry2dry5,dry2dry5_Downstream,8.04,4495.0,11.91,475.08,1205.51,15.198815,0.3742277777777778,0.375955,14.61,0.2179911,8.0709,151.42,94.626,64.36493333333333,0.0454,0.00334,0.00785,0.03589,0.00763,0.57588,0.03099,0.0
264,1,Upstream,wet2wet5,wet2wet5_Upstream,7.91,2416.0,6.888,145.26,394.144,91.117404,0.0236435888888888,0.134776,73.81,0.00394471,2.2235,239.22,45.344,50.3312,0.01091,0.00412,0.0,0.02417,0.0,0.11664,0.01843,0.0
265,2,Upstream,wet2wet5,wet2wet5_Upstream,7.88,2910.0,18.92,167.19,528.3464,70.7387384,0.0044300511111111,0.1606116,67.14,0.00678564,5.5988,282.05,62.422,54.3628,0.04685,0.00641,0.0,0.01724,0.0,0.10875,0.0,0.0
266,3,Upstream,wet2wet5,wet2wet5_Upstream,8.14,715.0,15.37,68.419,146.7515,2.3041166,0.1217382444444444,0.1842784,2.109,0.1244542,7.332,42.347,15.224,9.578163333333334,0.00145,0.00908,0.00294,0.03905,0.00185,0.0393,0.0368,0.0
267,4,Middlestream,wet2wet5,wet2wet5_Middlestream,7.84,636.0,20.32,52.084,92.33486,16.0526422,0.0698401744444444,0.1795778,15.94,1.77025,9.9845,43.206,14.698,6.799163333333333,0.0047,0.05256,0.00408,0.13731,0.00301,0.02562,0.03623,0.0
268,5,Middlestream,wet2wet5,wet2wet5_Middlestream,7.6,2058.0,33.99,147.29,472.637,5.8463901,0.0221775011111111,0.5596199000000001,7.64,0.7215995000000001,32.653,152.62,47.979,31.501266666666663,0.01304,0.01175,0.00347,0.04468,0.00253,0.13035,0.0,0.0
269,7,Middlestream,wet2wet5,wet2wet5_Middlestream,7.74,2192.0,40.24,162.11,489.3543,17.420509,0.0090888855555555,0.471321,16.66,0.7235319,23.0,159.51,54.006,38.1664,0.01286,0.01095,0.0,0.02599,0.00208,0.14388,0.0,0.0
270,8,Middlestream,wet2wet5,wet2wet5_Middlestream,7.91,2859.0,47.24,239.23,697.8663,12.9178268,0.0445602111111111,0.6103832,13.78,0.6674133000000001,22.643,169.48,74.342,47.15646666666667,0.02804,0.00704,0.0,0.02691,0.00219,0.21476,0.0,0.0
271,9,Middlestream,wet2wet5,wet2wet5_Middlestream,7.79,2267.0,68.43,191.78,485.8645,8.613769,0.2147157444444444,1.5343209999999998,11.51,0.7585236999999999,25.81,143.33,58.045,64.51636666666667,0.08674,0.01114,0.0,0.03147,0.00469,0.18168,0.0,0.00187
272,10,Downstream,wet2wet5,wet2wet5_Downstream,7.88,2700.0,65.79,227.51,635.9087,15.354425799999998,0.0336129422222222,0.9419742,13.42,0.6113107999999999,22.943,162.5,68.484,53.91083333333333,0.10145,0.00609,0.0,0.02979,0.00338,0.20692,0.0,0.00144
273,11,Downstream,wet2wet5,wet2wet5_Downstream,7.81,2693.0,89.29,227.54,626.0182,12.357819,0.1048227444444444,1.104631,12.57,0.7461597000000001,25.274,161.17,68.049,57.42233333333333,0.04256,0.00631,0.0,0.04281,0.00373,0.22156,0.01954,0.00146
274,12,Downstream,wet2wet5,wet2wet5_Downstream,7.85,4027.0,126.8,397.31,976.0222,6.907922,14.72729222222222,1.171798,18.03,1.94241,27.03,162.9,86.384,52.63783333333333,0.6269,0.01082,0.0,0.0765,0.0,0.25509,0.04885,0.00415
275,13,Downstream,wet2wet5,wet2wet5_Downstream,7.85,3869.0,277.2,374.55,976.6316,7.543683000000001,10.561988888888887,1.109927,22.76,1.76366,27.704,166.72,82.43,56.8585,0.5322,0.01115,0.0,0.06528,0.00201,0.25624,0.02829,0.00375
276,1,Upstream,dry2dry5,dry2dry5_Upstream,,,,,,,,,,,,,,,,,,,,,,
277,2,Upstream,dry2dry5,dry2dry5_Upstream,,,,,,,,,,,,,,,,,,,,,,
278,3,Upstream,dry2dry5,dry2dry5_Upstream,8.36,2479.0,8.413,223.54,461.7149,30.4421869,7.798132222222222,0.3182731,37.87,1.48985,18.416,186.32,47.185,40.38053333333333,0.00588,0.0088,0.00945,0.14472,0.00385,0.22265,0.14252,0.0
279,4,Middlestream,dry2dry5,dry2dry5_Middlestream,,,,,,,,,,,,,,,,,,,,,,
280,5,Middlestream,dry2dry5,dry2dry5_Middlestream,,,,,,,,,,,,,,,,,,,,,,
281,7,Middlestream,dry2dry5,dry2dry5_Middlestream,,,,,,,,,,,,,,,,,,,,,,
282,8,Middlestream,dry2dry5,dry2dry5_Middlestream,,,,,,,,,,,,,,,,,,,,,,
283,9,Middlestream,dry2dry5,dry2dry5_Middlestream,,,,,,,,,,,,,,,,,,,,,,
284,10,Downstream,dry2dry5,dry2dry5_Downstream,,,,,,,,,,,,,,,,,,,,,,
285,11,Downstream,dry2dry5,dry2dry5_Downstream,,,,,,,,,,,,,,,,,,,,,,
286,12,Downstream,dry2dry5,dry2dry5_Downstream,,,,,,,,,,,,,,,,,,,,,,
287,13,Downstream,dry2dry5,dry2dry5_Downstream,,,,,,,,,,,,,,,,,,,,,,
288,1,Upstream,dry2dry5,dry2dry5_Upstream,7.95,2108.0,7.524,187.58,359.7319,40.021127,13.554418888888888,1.1031030000000002,54.05,2.44153,22.908,155.93,37.42,35.8868,0.01792,0.0064,0.0,0.13609,0.00325,0.13498,0.01625,0.0
289,2,Upstream,dry2dry5,dry2dry5_Upstream,8.1,2155.0,8.714,191.93,367.0308,42.383676,14.615253333333332,1.287174,56.73,2.62211,23.495,157.51,38.342,38.26476666666667,0.02012,0.00417,0.0,0.07575,0.00329,0.1386,0.0,0.0
290,3,Upstream,dry2dry5,dry2dry5_Upstream,8.21,2371.0,6.783,208.2,447.0187,42.508275,3.9606,3.563755,47.5,1.79343,20.206,177.49,47.298,42.6599,0.00627,0.0063,0.0,0.17257,0.00354,0.17992,0.05041,0.0
291,4,Middlestream,dry2dry5,dry2dry5_Middlestream,8.29,2303.0,5.862,203.53,430.7932,39.160542,3.44491,3.4495880000000003,43.9,1.702835,19.436,177.33,48.273,41.73736666666667,0.02415,0.00828,0.0,0.15514,0.0034,0.17795,0.0193,0.0
292,5,Middlestream,dry2dry5,dry2dry5_Middlestream,8.17,3058.0,2.722,219.11,686.843,46.43429193,0.0809677555555555,0.09845807,42.66,0.04487177,20.951,257.64,70.353,51.14513333333333,0.04478,0.01066,0.0,0.24903,0.00342,0.2022,0.08306,0.0
293,7,Middlestream,dry2dry5,dry2dry5_Middlestream,8.04,2763.0,7.654,217.88,560.3671,42.249789,4.437696666666667,1.987791,48.05,0.975454,20.983,208.88,61.964,50.4674,0.1116,0.00675,0.0,0.18785,0.00416,0.20654,0.10436,0.00117
294,8,Middlestream,dry2dry5,dry2dry5_Middlestream,8.06,2373.0,6.624,200.87,509.9473,19.713833,0.6348089222222222,1.006207,20.79,0.5452745,16.94,163.0,60.675,48.03973333333334,0.08614,0.0077,0.0,0.02827,0.00466,0.23024,0.0,0.0
295,9,Middlestream,dry2dry5,dry2dry5_Middlestream,8.11,2254.0,6.709,189.96,473.0418,17.427529,0.6908035555555556,1.071261,19.18,0.5944923999999999,16.475,164.42,58.531,43.062000000000005,0.06285,0.00729,0.0,0.06531,0.00517,0.21655,0.03861,0.0
296,10,Downstream,dry2dry5,dry2dry5_Downstream,8.11,2919.0,6.9,263.55,648.8382,23.464216200000003,0.7610570333333333,0.8676838,24.19,0.5141661000000001,17.241,188.94,78.943,52.2163,0.0988,0.01031,0.0,0.25555,0.005,0.30757,0.14892,0.0
297,11,Downstream,dry2dry5,dry2dry5_Downstream,8.13,3018.0,8.634,285.81,656.1075,20.42759,2.73581,1.60747,25.09,1.805,25.626,176.14,78.636,56.605066666666666,0.10544,0.00372,0.0,0.05745,0.00516,0.33614,0.04442,0.00101
298,12,Downstream,dry2dry5,dry2dry5_Downstream,7.93,3695.0,8.429,394.1,896.4332,14.849169,7.289379999999999,2.361961,27.24,1.87842,27.549,172.49,82.297,62.355466666666665,0.20332,0.00636,0.0,0.13971,0.00472,0.33602,0.04885,0.00136
299,13,Downstream,dry2dry5,dry2dry5_Downstream,7.91,3609.0,8.455,379.44,878.7283,16.048579,6.509253333333334,2.387971,26.98,1.85897,26.678,174.49,81.978,62.77393333333333,0.19594,0.00522,0.0,0.10382,0.00458,0.3366,0.01922,0.00133
300,1,Upstream,wet2dry5,wet2dry5_Upstream,,,,,,,,,,,,,,,,,,,,,,
301,2,Upstream,wet2dry5,wet2dry5_Upstream,,,,,,,,,,,,,,,,,,,,,,
302,3,Upstream,wet2dry5,wet2dry5_Upstream,8.31,2453.0,3.476,189.16,444.3176,56.1519621,0.0173698466666666,0.2903879,55.61,0.1924111,9.0181,225.08,52.35,54.301,0.0008,0.00897,0.0,0.0233,0.00348,0.25445,0.0,0.0
303,4,Middlestream,wet2dry5,wet2dry5_Middlestream,,,,,,,,,,,,,,,,,,,,,,
304,5,Middlestream,wet2dry5,wet2dry5_Middlestream,,,,,,,,,,,,,,,,,,,,,,
305,7,Middlestream,wet2dry5,wet2dry5_Middlestream,,,,,,,,,,,,,,,,,,,,,,
306,8,Middlestream,wet2dry5,wet2dry5_Middlestream,,,,,,,,,,,,,,,,,,,,,,
307,9,Middlestream,wet2dry5,wet2dry5_Middlestream,,,,,,,,,,,,,,,,,,,,,,
308,10,Downstream,wet2dry5,wet2dry5_Downstream,,,,,,,,,,,,,,,,,,,,,,
309,11,Downstream,wet2dry5,wet2dry5_Downstream,,,,,,,,,,,,,,,,,,,,,,
310,12,Downstream,wet2dry5,wet2dry5_Downstream,,,,,,,,,,,,,,,,,,,,,,
311,13,Downstream,wet2dry5,wet2dry5_Downstream,,,,,,,,,,,,,,,,,,,,,,
312,1,Upstream,wet2wet5,wet2wet5_Upstream,8.04,2251.0,2.771,150.22,336.1983,78.38597691,0.0,0.08555309,75.47,0.00547665,5.5643,240.22,43.527,49.5467,0.0107,0.00686,0.0,0.00572,0.00839,0.1639,0.0,0.0
313,2,Upstream,wet2wet5,wet2wet5_Upstream,8.18,2261.0,4.414,153.51,346.3294,69.05396415,0.0,0.06290585,75.33,0.00441216,5.2457,251.07,45.522,49.61386666666667,0.00808,0.00445,0.0,0.00616,0.0055,0.16842,0.0,0.0
314,3,Upstream,wet2wet5,wet2wet5_Upstream,8.31,2472.0,2.768,193.92,444.055,56.19582,0.3223655555555555,1.5811099999999998,56.58,0.00960548,8.3228,234.39,53.339,52.73043333333334,0.00699,0.00388,0.0,0.01262,0.00475,0.21673,0.01626,0.0
315,4,Middlestream,wet2wet5,wet2wet5_Middlestream,8.22,1580.0,4.051,127.64,283.9752,34.4209887,0.4821833333333333,0.1322313,32.14,0.2807967,8.9987,141.5,33.893,32.78018333333333,0.036,0.00665,0.0,0.01329,0.00451,0.13995,0.01678,0.0
316,5,Middlestream,wet2wet5,wet2wet5_Middlestream,8.14,2781.0,5.003,205.98,607.6814,42.95886178,0.0129791666666666,0.06326822,37.97,0.0060434,15.345,235.78,61.439,46.24406666666667,0.00982,0.00644,0.0,0.00456,0.0042,0.18841,0.0,0.0
317,7,Middlestream,wet2wet5,wet2wet5_Middlestream,8.09,2853.0,4.35,218.51,579.7972,43.2623475,0.1174682444444444,0.3054125,47.81,0.02522034,12.151,246.56,67.74,56.5807,0.0524,0.00463,0.0,0.00682,0.00393,0.22478,0.0,0.0
318,8,Middlestream,wet2wet5,wet2wet5_Middlestream,8.49,3483.0,4.733,325.33,824.5645,38.7327203,0.0857904444444444,0.2749697,31.9,0.00865958,11.012,204.08,90.836,63.3332,0.00665,0.0047,0.0,0.00553,0.00398,0.37561,0.0,0.0
319,9,Middlestream,wet2wet5,wet2wet5_Middlestream,8.03,2586.0,6.136,232.57,554.754,20.194372,0.5948055555555556,1.1559480000000002,20.79,0.3754422,14.672,170.36,68.956,48.06133333333333,0.25492,0.01091,0.0,0.01917,0.00492,0.28052,0.01783,0.00141
320,10,Downstream,wet2wet5,wet2wet5_Downstream,8.12,3147.0,6.95,297.25,721.1443,28.007273,0.8961477777777778,1.421177,27.51,0.3922993999999999,14.158,203.47,83.88,57.53033333333334,0.28619,0.00514,0.0,0.01266,0.00505,0.34155,0.0,0.0
321,11,Downstream,wet2wet5,wet2wet5_Downstream,7.94,3106.0,10.24,305.89,679.6954,22.459827,1.16214,2.2327130000000004,25.32,1.495762,20.416,193.48,82.975,58.10866666666666,0.22933,0.00566,0.0,0.02579,0.00507,0.35733,0.01689,0.0
322,12,Downstream,wet2wet5,wet2wet5_Downstream,7.89,2916.0,11.18,314.57,672.4756,13.793793999999998,10.69522222222222,2.689256,25.67,1.424439,23.701,143.85,64.477,46.61666666666667,0.16013,0.00545,0.0,0.02228,0.00504,0.2558,0.03282,0.00157
323,13,Downstream,wet2wet5,wet2wet5_Downstream,7.88,2943.0,10.41,313.95,683.1115,8.442387,10.246841111111111,4.222443,25.44,1.39648,22.973,148.44,63.688,47.32533333333333,0.15784,0.00482,0.0,0.02114,0.00475,0.26388,0.01974,0.00151
324,1,Upstream,dry2dry5,dry2dry5_Upstream,7.6,2287.0,1.794,143.94,338.9419,69.58967729,0.0195931244444444,0.07920271,77.63,0.00475933,3.2831,243.21,41.224,48.67876666666667,0.01772,0.00577,0.0,0.10962,0.00314,0.15937,0.06971,0.0
325,2,Upstream,dry2dry5,dry2dry5_Upstream,7.67,2285.0,3.708,149.69,349.8608,65.65904621,0.0025573722222222,0.08620379,77.25,0.0227419699999999,3.4581,239.25,42.868,49.297666666666665,0.00875,0.00577,0.00353,0.03924,0.00311,0.16393,0.02771,0.0
326,3,Upstream,dry2dry5,dry2dry5_Upstream,8.13,2544.0,4.322,198.7,471.2028,48.87841435,0.0115033488888888,0.04000565,54.18,0.1816005,6.4233,235.89,54.986,53.2192,0.01004,0.01016,0.0,0.15953,0.0033,0.22325,0.05648,0.0
327,4,Middlestream,dry2dry5,dry2dry5_Middlestream,8.0,2597.0,4.109,202.44,491.2368,49.69728127,0.0744712733333333,0.07312873,49.67,0.1961065,6.162,227.21,58.402,55.42986666666667,0.02737,0.00967,0.0,0.08216,0.00322,0.22388,0.01982,0.0
328,5,Middlestream,dry2dry5,dry2dry5_Middlestream,7.91,3165.0,4.406,223.23,706.665,42.13937844,0.0047005933333333,0.01505156,43.65,0.2352312,16.508,266.34,72.535,52.4951,0.01202,0.00687,0.0,0.14942,0.00319,0.20455,0.16897,0.0
329,7,Middlestream,dry2dry5,dry2dry5_Middlestream,8.01,3098.0,3.071,234.56,649.8182,47.0974286,0.0,0.1750714,47.13,0.1378112,9.7334,249.3,77.824,59.31413333333333,0.01208,0.0045,0.00287,0.09383,0.00307,0.23856,0.06462,0.0
330,8,Middlestream,dry2dry5,dry2dry5_Middlestream,7.87,3005.0,5.451,266.32,665.3966,26.1154886,0.0035596711111111,0.2016114,31.53,0.4617139,8.8935,199.33,80.51,54.6749,0.0813,0.01337,0.00335,0.06166,0.00416,0.31519,0.05431,0.0
331,9,Middlestream,dry2dry5,dry2dry5_Middlestream,7.85,2563.0,6.624,224.15,562.8069,20.343588200000003,1.255464777777778,0.3077418,25.77,2.96113,15.037,173.58,66.457,47.90543333333333,0.07007,0.01003,0.00458,0.03338,0.00513,0.25921,0.02313,0.0
332,10,Downstream,dry2dry5,dry2dry5_Downstream,7.65,3603.0,5.103,331.49,843.4647,32.379688900000005,0.2116509111111111,0.3442611,29.8,0.2657588,8.565,212.29,96.97,64.7402,0.08973,0.00702,0.0,0.01035,0.00476,0.401,0.0,0.0
333,11,Downstream,dry2dry5,dry2dry5_Downstream,7.78,3133.0,12.43,304.71,689.5109,18.610652,3.8195188888888887,1.826298,27.41,3.56827,25.325,177.42,78.025,58.4435,0.06661,0.00714,0.0,0.04482,0.00477,0.36164,0.02264,0.0
334,12,Downstream,dry2dry5,dry2dry5_Downstream,7.9,4024.0,10.16,427.36,950.7744,10.818761,13.686275555555556,1.009539,28.92,0.8065718000000001,20.626,178.23,92.392,64.41766666666666,0.10612,0.00324,0.0,0.02588,0.00422,0.37411,0.02279,0.00108
335,13,Downstream,dry2dry5,dry2dry5_Downstream,7.93,3862.0,10.02,406.5,963.67,11.011966,12.568204444444444,1.052944,28.4,1.16801,21.791,172.42,91.079,64.94136666666667,0.10157,0.00384,0.0,0.0229,0.0042,0.3727,0.01889,0.00108
336,1,Upstream,other,other_Upstream,7.92,2221.0,3.981,142.56,345.0161,88.2724401,0.0757538211111111,0.0567699,70.45,0.3459679,1.8202,233.5,40.301,49.18053333333333,0.01124,0.00394,0.0,0.04261,0.00294,0.15528,0.0,0.0
337,2,Upstream,other,other_Upstream,8.01,2277.0,3.712,148.65,355.8786,74.25772140000001,0.0452166555555555,0.1352386,69.03,0.4296472,2.2248,234.46,45.799,51.00343333333333,0.03802,0.00708,0.0,0.17883,0.00296,0.15794,0.01828,0.0
338,3,Upstream,other,other_Upstream,,,,,,,,,,,,,,,,,,,,,,
339,4,Middlestream,other,other_Middlestream,7.6,2556.0,14.67,217.23,500.8391,57.187894,2.627901111111111,1.449396,56.25,9.737983,22.52,166.46,71.962,42.679633333333335,0.2761,0.05866,0.02604,0.44197,0.00682,0.18037,0.02255,0.00195
340,5,Middlestream,other,other_Middlestream,8.14,3108.0,4.328,222.82,709.1439,41.0511866,0.0204027055555555,0.0490034,38.14,0.6672646999999999,17.029,268.86,70.355,51.66366666666667,0.00904,0.00956,0.0,0.15991,0.0043,0.19787,0.06291,0.0
341,7,Middlestream,other,other_Middlestream,8.09,3171.0,4.538,243.27,711.8105,43.90913542,0.0743703177777777,0.0826545799999999,41.06,1.945087,11.256,247.14,79.645,60.16276666666667,0.02527,0.00449,0.0,0.06941,0.00355,0.23558,0.0343,0.0
342,8,Middlestream,other,other_Middlestream,8.12,3594.0,5.703,322.71,874.2273,31.2605002,0.0966987777777777,0.1108598,30.7,0.4838057999999999,6.4899,226.86,95.659,64.22786666666667,0.10858,0.00667,0.0,0.07299,0.00399,0.36992,0.02325,0.0
343,9,Middlestream,other,other_Middlestream,8.01,2812.0,10.02,241.65,609.7579,26.1709322,1.179352222222222,0.9666778,27.8,3.332507,21.812,196.39,78.048,52.3123,0.11359,0.01564,0.00782,0.0833,0.00249,0.29265,0.06432,0.00176
344,10,Downstream,other,other_Downstream,7.94,3527.0,6.383,312.28,827.7866,30.7143647,0.5427635111111111,0.3622053,29.96,0.8288,11.586,236.06,96.424,64.4166,0.11951,0.0078,0.00266,0.05782,0.00277,0.37888,0.03276,0.0
345,11,Downstream,other,other_Downstream,7.85,3193.0,12.73,302.27,716.2225,22.496806,3.992278888888889,1.497964,27.34,4.036173,27.817,196.51,85.015,59.103766666666665,0.08879,0.00552,0.00321,0.0616,0.00298,0.35229,0.02993,0.0
346,12,Downstream,other,other_Downstream,7.78,4202.0,11.48,461.17,1056.411,12.44414,7.999887777777777,2.4403,24.12,2.395379,19.54,192.32,103.31,59.59913333333333,0.32029,0.00558,0.0,0.06822,0.00256,0.42911,0.03737,0.00219
347,13,Downstream,other,other_Downstream,7.78,4037.0,11.95,437.54,983.8768,14.433435,6.753078888888889,2.435995,24.24,2.789955,20.622,195.92,97.503,59.01473333333333,0.28502,0.00612,0.0,0.11602,0.0024,0.42373,0.02237,0.00224
348,1,Upstream,other,other_Upstream,7.83,2229.0,0.1343,150.21,354.3875,82.4118115,0.0014612655555555,0.1588685,57.34,0.0896688599999999,3.1412,236.7,43.791,50.6722,0.00464,0.00359,0.0,0.01674,0.0,0.16783,0.0,0.0
349,2,Upstream,other,other_Upstream,7.86,2285.0,0.0,148.87,369.5864,78.7849531,0.0060455266666666,0.1345069,56.08,0.1184978,3.1952,239.93,45.298,52.45526666666667,0.0074,0.00194,0.0,0.01519,0.0,0.16444,0.0,0.0
350,3,Upstream,other,other_Upstream,,,,,,,,,,,,,,,,,,,,,,
351,4,Middlestream,other,other_Middlestream,7.36,2484.0,9.387,222.91,510.1074,44.555601,0.0605050288888888,1.607849,28.4,4.26172,31.876,154.86,72.178,44.6097,0.29801,0.05477,0.02198,0.21182,0.00339,0.23125,0.0,0.00197
352,5,Middlestream,other,other_Middlestream,7.67,3124.0,5.622,227.64,754.1395,20.82630561,0.0053215711111111,0.0706343899999999,11.87,0.04023065,25.564,250.62,76.059,51.07116666666667,0.01592,0.00366,0.0,0.02578,0.00244,0.22753,0.0,0.0
353,7,Middlestream,other,other_Middlestream,7.74,3206.0,3.243,250.1,767.4425,40.31382555,0.0062092722222222,0.0197144499999999,24.15,0.19135,17.166,252.2,86.237,64.31346666666667,0.03486,0.00449,0.00401,0.01657,0.00213,0.26631,0.0,0.0
354,8,Middlestream,other,other_Middlestream,8.1,3754.0,3.339,344.18,951.1646,30.1075426,0.0014987,0.1062174,18.07,0.04340493,12.314,233.19,107.2,65.17793333333334,0.01837,0.00297,0.0,0.09351,0.00197,0.40837,0.11458,0.0
355,9,Middlestream,other,other_Middlestream,7.83,2993.0,4.518,265.51,682.0112,29.6733443,0.0023378211111111,0.9027957,19.02,1.42126,17.463,194.09,82.107,51.922066666666666,0.02723,0.01387,0.00776,0.01883,0.00264,0.32242,0.03311,0.00178
356,10,Downstream,other,other_Downstream,7.98,3593.0,3.421,336.07,885.9296,33.590127800000005,0.0,0.3502922,19.45,0.37166,12.984,227.37,101.72,65.06490000000001,0.07466,0.00283,0.0,0.01444,0.0023,0.39006,0.0,0.00105
357,11,Downstream,other,other_Downstream,7.69,3580.0,7.044,336.19,861.4011,22.8620407,0.2291081333333333,0.9745693,15.57,1.48601,20.417,212.27,97.076,63.75993333333333,0.08889,0.00424,0.0,0.02243,0.00229,0.41597,0.0,0.0
358,12,Downstream,other,other_Downstream,7.82,3809.0,11.52,412.91,998.2306,16.799785,15.245922222222225,1.309865,20.7,1.05285,20.142,168.13,90.443,65.03523333333334,0.34365,0.00363,0.0,0.03283,0.00198,0.39065,0.01968,0.0019
359,13,Downstream,other,other_Downstream,7.87,3839.0,10.67,411.84,943.0876,16.462055,12.891977777777775,1.450655,19.64,1.12743,20.654,177.2,98.265,65.49643333333333,0.30995,0.00311,0.0,0.02574,0.00192,0.40381,0.01868,0.00188
360,1,Upstream,other,other_Upstream,7.79,2272.0,3.926,153.09,373.3262,76.65555880000001,0.0031881966666666,0.0473112,55.93,0.00505613,2.8092,244.88,45.081,55.78606666666667,0.01327,0.00231,0.0,0.02738,0.0,0.17458,0.02184,0.0
361,2,Upstream,other,other_Upstream,7.89,2335.0,4.197,158.28,389.9456,73.5132854,0.0450368955555555,0.1293046,53.77,0.02350581,2.5206,250.21,48.043,56.830000000000005,0.01306,0.0,0.0,0.02151,0.0,0.16573,0.0,0.0
362,3,Upstream,other,other_Upstream,,,,,,,,,,,,,,,,,,,,,,
363,4,Middlestream,other,other_Middlestream,7.45,2339.0,13.12,209.52,467.5452,24.267867,0.5520122222222221,1.660933,18.99,3.26255,39.915,153.36,68.002,50.714866666666666,0.457,0.03563,0.01987,0.1333,0.01078,0.24284,0.0,0.00323
364,5,Middlestream,other,other_Middlestream,7.88,3398.0,8.432,276.71,892.323,5.6079021,0.1152274666666666,0.1279079,4.685,0.0712215,28.863,256.25,95.527,53.11513333333334,0.04209,0.00279,0.0,0.02025,0.00816,0.26034,0.0,0.0
365,7,Middlestream,other,other_Middlestream,8.06,3141.0,4.866,253.22,713.8225,40.5990928,0.0830503333333333,0.1813572,28.01,0.1190386,9.3772,237.14,90.838,64.15086666666666,0.01122,0.01024,0.0,0.12088,0.00626,0.27832,0.01776,0.0
366,8,Middlestream,other,other_Middlestream,8.16,3883.0,7.025,367.39,1011.031,28.62136703,0.0762315477777777,0.07563297,19.78,0.02895472,6.7306,225.58,110.73,70.20139999999999,0.03806,0.01317,0.0,0.14578,0.00503,0.47308,0.02094,0.0
367,9,Middlestream,other,other_Middlestream,7.98,2140.0,12.43,207.42,532.7131,3.2858864100000003,0.0518382666666666,0.07590259,3.14,0.618601,18.643,120.15,56.367,46.19676666666667,0.10564,0.00554,0.0,0.04818,0.00538,0.24411,0.04475,0.00131
368,10,Downstream,other,other_Downstream,8.12,2646.0,11.59,257.16,664.5906,10.59888746,0.0859994333333333,0.07945254,7.95,0.41892,15.728,155.12,73.327,55.31183333333333,0.10918,0.00343,0.0,0.13517,0.00512,0.30023,0.1549,0.00134
369,11,Downstream,other,other_Downstream,7.93,2743.0,13.14,265.68,679.3314,8.88510056,0.0629384388888888,0.06344944,7.253,0.4329254,14.554,154.1,74.034,55.27916666666667,0.02792,0.00276,0.0,0.03602,0.00493,0.3218,0.0,0.0
370,12,Downstream,other,other_Downstream,8.09,3966.0,10.41,424.53,1054.227,10.785669,0.4514454,1.151701,9.146,0.5750034,14.205,187.46,106.48,61.131933333333336,0.32711,0.00261,0.0,0.02866,0.0043,0.43974,0.0,0.00174
371,13,Downstream,other,other_Downstream,8.19,3541.0,13.13,377.49,968.5895,9.9802443,0.0671324111111111,0.5477657,8.196,0.5077425999999999,14.696,180.62,96.416,66.21976666666667,0.17091,0.00229,0.0,0.0265,0.00377,0.41461,0.0,0.00136
372,1,Upstream,other,other_Upstream,7.45,2319.0,7.166,154.51,399.437,81.03688340000001,0.03907232,0.2409666,47.0,0.0152361,3.9816,244.3,48.872,58.24263333333334,0.06735,0.0,0.0,0.00546,0.00176,0.16559,0.0,0.0
373,2,Upstream,other,other_Upstream,7.34,2503.0,8.743,163.5,462.001,65.7595445,0.0,0.1519355,39.77,0.0039720499999999,3.8686,265.78,57.698,61.158233333333335,0.11197,0.0,0.0,0.00505,0.0,0.16327,0.0,0.0
374,3,Upstream,other,other_Upstream,,,,,,,,,,,,,,,,,,,,,,
375,4,Middlestream,other,other_Middlestream,7.01,1509.0,11.89,135.8,304.595,4.352028899999999,0.0523087444444444,0.2632371,2.922,1.808448,21.973,88.579,44.725,24.012373333333333,0.17447,0.02736,0.00496,0.0408,0.00223,0.13313,0.0,0.00189
376,5,Middlestream,other,other_Middlestream,,,,,,,,,,,,,,,,,,,,,,
377,7,Middlestream,other,other_Middlestream,7.64,3098.0,1.573,246.07,725.043,47.54328926,0.0507810255555555,0.06135074,28.08,0.03722503,5.5985,240.63,90.388,56.2849,0.02618,0.00183,0.0,0.0049,0.00183,0.25722,0.0,0.0
378,8,Middlestream,other,other_Middlestream,7.67,3738.0,8.766,355.89,957.0981,36.19532486000001,0.0434460988888888,0.05092514,19.28,0.01158793,4.6334,231.19,108.78,65.47236666666667,0.10167,0.00192,0.0,0.00512,0.00204,0.42715,0.0,0.0
379,9,Middlestream,other,other_Middlestream,7.45,3403.0,5.462,326.78,863.9786,34.6622474,0.1081263555555555,0.2974826,19.44,1.968319,17.532,204.45,97.872,65.5109,0.28316,0.01523,0.00299,0.02203,0.00299,0.36082,0.02098,0.00309
380,10,Downstream,other,other_Downstream,7.73,3672.0,5.181,346.62,990.3411,34.58845362,0.0505104366666666,0.09458638,19.34,0.1783617,6.6387,232.81,108.78,47.6581,0.10199,0.00325,0.0,0.00498,0.003,0.41585,0.0,0.0
381,11,Downstream,other,other_Downstream,7.74,3868.0,4.365,374.07,1019.258,33.3376306,0.0775875955555555,0.0611794,18.16,0.5360548,7.9652,234.37,115.48,55.45656666666667,0.04848,0.00266,0.0,0.00656,0.00276,0.45651,0.0,0.0
382,12,Downstream,other,other_Downstream,7.52,3656.0,8.619,405.67,996.9528,11.953459,3.636634555555555,1.3467909999999998,11.09,1.012257,15.905,168.17,99.079,54.445033333333335,0.25208,0.00166,0.0,0.00679,0.00252,0.39044,0.0,0.00172
383,13,Downstream,other,other_Downstream,7.53,3736.0,9.296,401.6,1010.751,15.59592,1.877047666666667,1.42485,11.5,0.8849108,14.242,170.91,104.88,57.20826666666667,0.21215,0.0,0.0,0.00562,0.00236,0.42129,0.0,0.00159
384,1,Upstream,other,other_Upstream,7.58,2326.0,,148.54,387.3163,69.61277792,0.1646774111111111,0.07605208,,0.0,2.0436,228.7,49.512,58.260266666666666,0.00375,0.0,0.0,0.0,0.00189,0.16013,0.0,0.0
385,2,Upstream,other,other_Upstream,7.46,2641.0,,159.06,450.9296,66.0465263,0.1811708111111111,0.1684237,,0.0,2.1581,264.05,59.887,59.64633333333333,0.0393,0.0,0.0,0.00308,0.00186,0.14522,0.0,0.0
386,3,Upstream,other,other_Upstream,,,,,,,,,,,,,,,,,,,,,,
387,4,Middlestream,other,other_Middlestream,7.45,1318.0,,117.47,252.6888,0.79636577,0.2354160666666666,0.08675613,,2.71445,19.954,77.248,50.063,14.463996666666668,0.06895,0.0684,0.00527,0.06524,0.00263,0.09642,0.0,0.00246
388,5,Middlestream,other,other_Middlestream,,,,,,,,,,,,,,,,,,,,,,
389,7,Middlestream,other,other_Middlestream,7.85,3255.0,,248.39,694.7748,45.1064422,0.1438392666666667,0.0635377999999999,,0.01615364,6.0043,241.01,89.843,65.817,0.00307,0.00223,0.0,0.00729,0.0021,0.26768,0.0,0.0
390,8,Middlestream,other,other_Middlestream,8.12,2758.0,,219.47,611.3934,28.43996974,0.1594944555555555,0.02588026,,0.04969657,4.3183,199.14,73.637,43.28713333333334,0.00089,0.0,0.0,0.00317,0.00212,0.28649,0.0,0.0
391,9,Middlestream,other,other_Middlestream,7.8,3575.0,,325.53,854.1009,32.7753594,0.1777909,0.1672206,,2.37836,19.702,205.45,98.923,51.190266666666666,0.11078,0.01646,0.00508,0.01262,0.00473,0.35166,0.0,0.0031
392,10,Downstream,other,other_Downstream,8.12,2836.0,,230.72,641.4546,28.41655503,0.0663012155555555,0.04120497,,0.2171126,5.6104,200.66,78.842,45.236133333333335,0.01126,0.0026,0.0,0.00494,0.0033,0.30021,0.0,0.0
393,11,Downstream,other,other_Downstream,8.12,2892.0,,240.47,651.9013,28.05250686,0.0475154866666666,0.03471314,,0.3071328,5.7898,209.23,79.078,45.836000000000006,0.00512,0.00325,0.0,0.00543,0.0024,0.30598,0.0,0.0
394,12,Downstream,other,other_Downstream,7.65,2626.0,,296.95,611.9197,7.128098,3.086401111111112,1.837952,,1.69151,28.261,113.12,60.148,44.98736666666667,0.12415,0.00255,0.0,0.01411,0.00223,0.3153,0.01698,0.00131
395,13,Downstream,other,other_Downstream,7.75,2654.0,,294.51,421.3062,10.154208,2.327461111111111,1.677462,,1.47742,25.361,124.3,62.51,64.2638,0.11169,0.00278,0.0,0.01255,0.00217,0.31133,0.02262,0.00131
396,1,Upstream,dry2wet5,dry2wet5_Upstream,8.01,2367.0,,148.07,388.2753,77.5989285,0.05420723,0.0581114999999999,,0.0455502,2.3981,244.35,50.363,57.63576666666666,0.00187,0.0,0.0,0.00216,0.0,0.13664,0.0,0.0
397,2,Upstream,dry2wet5,dry2wet5_Upstream,7.93,2809.0,,174.03,504.381,78.2902536,0.0635617033333333,0.1198464,,0.02404773,2.6523,292.75,68.79,64.61826666666667,0.02066,0.00193,0.0,0.00387,0.0,0.12632,0.0,0.0
398,3,Upstream,dry2wet5,dry2wet5_Upstream,8.16,3863.0,,324.26,934.2137,7.57839214,0.2638265777777777,0.07544786,,0.2704695,12.492,311.5,87.103,70.07633333333334,0.00602,0.00284,0.00348,0.00725,0.0,0.21735,0.0,0.0
399,4,Middlestream,dry2wet5,dry2wet5_Middlestream,7.53,1938.0,,149.75,320.5838,108.8994228,0.6831968111111111,0.6943772,,8.52477,49.919,108.45,58.298,15.210786666666666,0.04782,0.25712,0.04852,0.5251,0.00403,0.11922,0.04974,0.00127
400,5,Middlestream,dry2wet5,dry2wet5_Middlestream,7.93,3588.0,,246.0,900.0128,25.7947862,0.1676962777777778,0.1538938,,0.4167866,32.337,288.97,93.778,59.02556666666666,0.02111,0.00525,0.0,0.01141,0.00258,0.18735,0.0,0.0
401,7,Middlestream,dry2wet5,dry2wet5_Middlestream,7.92,3226.0,,248.37,733.5611,36.7995579,0.2230170444444444,0.4122620999999999,,0.4804035,15.641,252.02,89.324,60.95046666666667,0.0867,0.00209,0.0,0.00843,0.0,0.22888,0.0,0.0
402,8,Middlestream,dry2wet5,dry2wet5_Middlestream,7.94,4051.0,,368.14,1008.948,28.5944454,0.7091703888888888,0.1834246,,0.4011057,7.4344,244.23,111.27,50.963366666666666,0.03961,0.0045,0.00579,0.01215,0.0,0.38612,0.0,0.0
403,9,Middlestream,dry2wet5,dry2wet5_Middlestream,7.74,4038.0,,360.13,980.2703,32.2399425,0.6690076555555555,0.5665075,,1.26689,16.334,237.59,110.05,64.97976666666666,0.22383,0.00523,0.0,0.02011,0.00169,0.33975,0.0,0.00126
404,10,Downstream,dry2wet5,dry2wet5_Downstream,7.55,4110.0,,367.03,988.9499,27.9216102,2.813478888888889,0.4676298,,0.7898083,16.798,250.34,112.77,66.54393333333333,0.18376,0.01172,0.00355,0.08351,0.0,0.38027,0.03166,0.0
405,11,Downstream,dry2wet5,dry2wet5_Downstream,7.69,4418.0,,465.02,984.2357,3.4529707,7.319557777777778,0.3588703,,1.70379,51.284,202.49,108.43,65.45190000000001,4.0853,0.01085,0.00615,0.15482,0.004,0.62227,0.03058,0.00748
406,12,Downstream,dry2wet5,dry2wet5_Downstream,7.67,3145.0,,331.9,757.3478,5.997193,16.904649999999997,1.242837,,2.75084,27.421,153.2,70.159,56.3587,0.26627,0.00701,0.0,0.16294,0.00261,0.23037,0.13615,0.0017
407,13,Downstream,dry2wet5,dry2wet5_Downstream,7.68,3220.0,,337.76,768.1195,5.824983,16.418725555555554,1.279307,,2.71038,26.93,156.83,72.924,58.9097,0.29256,0.00449,0.0,0.07523,0.00248,0.23739,0.07446,0.00174
